,Solubility (M/L),SMILES
0,1.58,CC(N)=O
1,1.34,CNN
2,1.22,CC(O)=O
3,1.15,C1CCCN1
4,1.12,NC([NH]O)=O
5,1.12,OC(CO)CO
6,1.11,CC(N(C)C)=O
7,1.1,c1cccnn1
8,1.1,c1ccncn1
9,1.09,OC(CO)C(O)C(O)C(O)CO
10,1.08,CC(N)CC(O)=O
11,1.07,C1CNCCN1
12,1.07,C1CCCCN1
13,1.02,Oc1ccncc1
14,1.02,Oc1ncccc1
15,1.0,OC(CCCC(O)=O)=O
16,1.0,CN1CCOCC1
17,0.97,NC(OC)=O
18,0.96,O=C(C=CC=C1)N1C
19,0.93,OC(CCl)=O
20,0.85,NC(OCC)=O
21,0.81,O=C(C1=CCCN(C)C1)OC
22,0.81,Oc1cc(O)ccc1
23,0.76,c1cnccc1
24,0.74,CC1CNCCN1
25,0.64,O1CC(O)C(O)C(O)C1(O)CO
26,0.62,Oc1c(O)cccc1
27,0.61,NC(c1cccnc1)=O
28,0.59,O=C1NC=NC=C1
29,0.58,CCC=O
30,0.58,C(OC)=O
31,0.57,C=CC=O
32,0.56,C1CCOC1
33,0.52,CC(CC)=O
34,0.49,CC1NCC(C)NC1
35,0.48,COCOC
36,0.45,Cc1nc(C)ccc1
37,0.4,Cc1ccc(C)nc1
38,0.39,OC1COC(O)C(O)C1O
39,0.38,Cc1cc(C)ncc1
40,0.38,Cc(cccn1)c1C
41,0.36,O=C1N(CC3CNCC2C3)C2=CC=C1
42,0.35,OC1C(O)C(O)C(O)C(O)C1O
43,0.32,CC=CC=O
44,0.31,CCC(C(O)=O)N
45,0.3,O=C(CC1)NC1=O
46,0.28,CC(C)C(O)=O
47,0.23,CN1CCCCC1
48,0.22,CC(CC(C)=O)=O
49,0.15,C(OCC)=O
50,0.15,C=CC#N
51,0.11,CC1CCCO1
52,0.1,CC(C)(C)OC(N)=O
53,0.08,CCC(C)(O)C
54,0.07,NNc1ccccc1
55,0.04,CC(C)CO
56,0.04,O=S(CC)(CC)=O
57,0.02,c12nccnc1ncnc2
58,0.01,O=C(c1ccncc1)NN
59,0.0,Oc1ccccc1
60,-0.01,CCCC=O
61,-0.02,CN1C2CCC1C(C(O)=O)C(O)C2
62,-0.03,C1CCOCC1
63,-0.06,CCC1NC(=O)NC1(=O)
64,-0.07,Cc1cc(O)no1
65,-0.09,NC(C(O)=O)C(O)C
66,-0.09,CCOCC
67,-0.1,C(c1ccco1)=O
68,-0.12,Cc1nc(nccn2)c2cn1
69,-0.13,NC(C(O)=O)C(C)(S)C
70,-0.14,CCN(CC)CC
71,-0.17,c1ccc[nH]1
72,-0.17,OC1C(O)C(O)CC(O)C1O
73,-0.17,OC(CO)Cn(cn1)c(C(N2C)=O)c1N(C2=O)C
74,-0.17,O=NN1CCCCC1
75,-0.19,CC(CCC)=O
76,-0.19,OC(CCC)=O
77,-0.2,CN(NC(CCC(O)=O)=O)C
78,-0.2,OC(CCC(O)=O)=O
79,-0.2,CC(C)C(O)C
80,-0.22,O=C(OC)C=C
81,-0.24,CCC(O)CC
82,-0.27,O=C(C(C2OC1CC2)C1C(O)=O)O
83,-0.29,CC(O)CCC
84,-0.29,OC(=O)CC(C)(C(=O)O)C(C)(C)C(=O)O
85,-0.29,ClCCC#N
86,-0.29,Oc1c(CO)cccc1
87,-0.3,NC(OCC(C)C)=O
88,-0.31,NC(=NC(#N))N
89,-0.38,CC(CC)(O)CC
90,-0.38,Nc1ccc(N)cc1
91,-0.39,COCCC
92,-0.39,OCC(C)C(C)C
93,-0.4,OCc1ccccc1
94,-0.42,OC(C(N)CCSC)=O
95,-0.42,Nc(cccc1)c1N
96,-0.42,OC(C(C)NC)c1ccccc1
97,-0.44,OC1CCCCC1
98,-0.45,CC(CC1CCCCN1)=O
99,-0.46,Oc1cccnc1
100,-0.46,O=C(c1cccnc1)OC
101,-0.47,Cc1ncnc2c1nccn2
102,-0.48,NCC(O)c1ccccc1
103,-0.48,O=C(C(CO)c3ccccc3)OC2CC1C(O4)C4C(C2)N1C
104,-0.49,O=COCCC
105,-0.5,NCCC(C(NC2CC(C(C(C2OC3OC(C(C(C3O)N)O)CO)O)OC1OC(C(C(C1O)O)O)CN)N)=O)O
106,-0.5,OCCC(C)(C)C
107,-0.53,n1c(c[nH]c1)CC(N)C(O)=O
108,-0.54,CCCC(O)C(CC)CO
109,-0.55,OC(C(N)CCC(N)=O)=O
110,-0.59,CC1CO1
111,-0.6,O=C1CCCCC1
112,-0.6,CC(OCC(OC(C)=O)COC(C)=O)=O
113,-0.62,CC(C)(C)C(O)C
114,-0.63,O=C1N(c2ccccc2)N(C)C(C)=C1N(C)C
115,-0.63,C(Cl)(Cl)
116,-0.66,NC(OCCCC)=O
117,-0.66,CCOCCC
118,-0.66,O=C(CC)OCC
119,-0.68,Oc1cccc(C)c1
120,-0.68,O=CNc1ccccc1
121,-0.7,Oc1ccc(Cl)cc1
122,-0.7,Oc1cccc(Cl)c1
123,-0.7,Oc1ccc(C)cc1
124,-0.7,CC(C)C(O)CC
125,-0.71,OCCOc1ccccc1
126,-0.72,CC(O)C(C)CC
127,-0.72,CC(OCCC)=O
128,-0.72,CC(C)(O)C(C)(C)C
129,-0.72,Nc(cccc1)c1O
130,-0.73,OCCN(c1ccccc1)CCO
131,-0.74,O=C(C=C)OCC
132,-0.74,Oc1ccc(N(=O)=O)cc1
133,-0.74,O[NH]c1ccccc1
134,-0.74,NC(CC(N)C(O)=O)=O
135,-0.77,N#CC(c1ccccc1)OC(C(C(O)C2O)O)OC2COC(C(C(O)C3O)O)OC3CO
136,-0.77,CCOCCOCC
137,-0.78,c12ccccc1[nH]nn2
138,-0.8,Nc1ccc(O)cc1
139,-0.8,O=C(NC1=O)N(C=C1)C
140,-0.8,OC(CC)CCC
141,-0.8,C=C(C)C(OC)=O
142,-0.8,CC(C)(C)COC(=O)N
143,-0.82,O=C(OCC)CC(OCC)=O
144,-0.82,c1ccco1
145,-0.82,CCCC(OC)=O
146,-0.83,C=CCS(SCC=C)=O
147,-0.83,C=CC(CCC)=O
148,-0.84,O=C(O)c1cnccc1
149,-0.85,CCCCC=O
150,-0.85,CN(N=O)C(N)=O
151,-0.85,CCOC=C
152,-0.85,Cc1cc(N)ccc1
153,-0.85,CCC(O)(CC)CC
154,-0.85,OC(C(C(C(CO)O2)O)O)C2Oc1ccccc1CO
155,-0.86,O=Cc1c(O)cccc1
156,-0.87,Clc1nc(ncnc2)c2nc1
157,-0.88,CC(CC1)CCC1O
158,-0.88,CC(C(C(C)=O)CCC)=O
159,-0.89,ClCBr
160,-0.89,OC(Cc1ccccc1)=O
161,-0.9,CC(NC(N)=O)=O
162,-0.91,COc1nc(ncnc2)c2nc1
163,-0.92,CC(c1ccccc1)O
164,-0.92,CC(C)(O)CC(C)C
165,-0.96,O=C(CCC(OCC)=O)OCC
166,-0.96,CC=CCC#N
167,-0.96,NC(c1ccccc1)=O
168,-0.96,Oc1ccc(C=O)cc1
169,-0.97,O=C(N(C)c2c1n(C)cn2)N(C)C1=O
170,-0.98,CC(Nc1ccc(N)cc1)=O
171,-0.99,O=C(C=C1)C=CC1=O
172,-0.99,CCCCOC
173,-1.0,CI
174,-1.0,CCC(C)(O)CCC
175,-1.01,O=COCC(C)C
176,-1.03,O=C(Nc(cc1)ccc1O)C
177,-1.04,c12ccccc1NCC2
178,-1.07,O=C(NC=C1F)NC1=O
179,-1.08,CC(C)(O)CCCC
180,-1.09,Brc1ccc(O)cc1
181,-1.09,CCBr
182,-1.1,CC(C)OC(C)C
183,-1.1,O=C(O)COc1ccccc1
184,-1.11,COc2ncc1nccnc1n2
185,-1.11,COc2c1nccnc1ncn2
186,-1.12,NCCc1ccc(O)cc1
187,-1.13,OC(C(CC(C)CC1C)C1=O)CC(CC2=O)CC(N2)=O
188,-1.14,CC(C)CCCO
189,-1.14,NC1=NC(NC=C1)=O
190,-1.16,c12c(cccc2)nco1
191,-1.16,S(=O)(CCCl)CCCl
192,-1.17,CCC(CO)CC
193,-1.17,ClC(Cl)(Cl)
194,-1.19,Oc1ccc(C)cc1C
195,-1.19,O=C(c1ccccc1)
196,-1.2,OCc1ccc(C)cc1
197,-1.2,O=C(OC)C(C2C(OC)=O)C1CC2C=C1
198,-1.21,O=C(C=C)OCC(C)C
199,-1.22,CC(C)(NCC(c1cc(CO)c(O)cc1)O)C
200,-1.22,CC(C)C(O)C(C)C
201,-1.23,O=C(O)C(N)Cc1c[nH]c2c1cccc2
202,-1.23,O=S(NC(C)=O)(c1ccc(N)cc1)=O
203,-1.24,CC(OCCCC)=O
204,-1.24,CCCCCCO
205,-1.25,O=C(C(N1)=O)C(NC1=O)=O
206,-1.27,CC(C)(C)C(C)(O)CC
207,-1.28,CC(c1ccccc1)=O
208,-1.28,CC(c1cc(N)ccc1)=O
209,-1.28,CCCC(OCC)=O
210,-1.29,CC(Cl)Cl
211,-1.3,CC(Nc1ccc(OC)cc1)=O
212,-1.3,c1(cccn2)c2cccc1
213,-1.3,CCCCCC=O
214,-1.32,BrCCCl
215,-1.33,CC(Nc1ccccc1)=O
216,-1.33,CC(CCC(C)C)=O
217,-1.36,CCc(cccc1)c1O
218,-1.36,CCCCC(OC)=O
219,-1.37,N=C(N)NN(=O)=O
220,-1.37,Clc1cc(N)ccc1
221,-1.38,OCCCc1ccccc1
222,-1.38,CC(O)CCC(C)C
223,-1.39,O=C(C(CC)(CC)C(N1)=O)NC1=O
224,-1.4,Cc1cc(C)cc(O)c1
225,-1.4,O=C(c(cc1)ccc1N)OCCN(CC)CC
226,-1.4,CC(Nc(cccc1)c1Cl)=O
227,-1.4,CCCC(O)CCC
228,-1.41,O=C(O)CCc1ccccc1
229,-1.42,CC(CCCCC)=O
230,-1.42,c1(c2ncccc2)ccccn1
231,-1.43,Cc(c(O)ccc1)c1C
232,-1.44,CCCCNCCCC
233,-1.45,c1cccs1
234,-1.45,c1(ccnc2)c2cccc1
235,-1.47,O=C(O)c1cscc1
236,-1.47,ClCCC
237,-1.48,ClC(Cl)CCl
238,-1.49,O=Cc1ccc(OC)cc1
239,-1.5,S(=O)(=O)(CCCl)CCCl
240,-1.51,O=C(O)CNC(N)=N
241,-1.52,c1(cccc2)c2[nH]cc1
242,-1.52,OCC(C)(C)CCC
243,-1.52,OC(c1ccccc1N)=O
244,-1.52,OC(C=C4)C2C5(C4C(N(C)CC5)C3)c1c3ccc(OC)c1O2
245,-1.53,NCc1ccccc1
246,-1.54,c1(c2ccncc2)ccncc1
247,-1.54,Oc1cc(C)ccc1C
248,-1.55,OCCCC(C)(C)C
249,-1.55,OC(c1ccccc1)=O
250,-1.55,CN1CCCCC1C(Nc2c(C)cccc2C)=O
251,-1.55,CSc1nc(ncnc2)c2nc1
252,-1.55,Clc(cc(Cl)cc1)c1O
253,-1.55,CCCCCC(O)C
254,-1.56,CCCCC(=O)CC(=O)C
255,-1.56,Oc1c(OC)cc(CC=C)cc1
256,-1.56,CN2C(NC(N1)=C(C2=O)NC1=O)=O
257,-1.57,Cc(cc(O)cc1)c1Cl
258,-1.57,CNC(Oc1c(C2OCCO2)cccc1)=O
259,-1.58,CC(Nc(cc1)ccc1C=O)=O
260,-1.59,O=C(c1ccc(N)cc1)OC
261,-1.6,C1(c2ccccc2)CO1
262,-1.6,CC(Cl)CCl
263,-1.6,O=C(CC(C)=O)CC(C)C
264,-1.6,Cc1c(N(C(C(OC)=O)C)C(COC)=O)c(C)ccc1
265,-1.6,FC(F)(F)c1c(C(O)=O)cccc1
266,-1.6,OCC(C)CC(C)C
267,-1.6,O=C(Nc1ccccc1)N(C)C
268,-1.61,NS(=O)(c(cc1)ccc1NC(C)=O)=O
269,-1.61,OC(C2OC(C)=O)CNC2Cc1ccc(OC)cc1
270,-1.62,CNC(ON=C(C(C)(C)C)CSC)=O
271,-1.62,O=C(N(CC=C)CC=C)C(Cl)Cl
272,-1.62,ClCCCCl
273,-1.62,CCCOCCC
274,-1.63,O=Cc1cc(OCO2)c2cc1
275,-1.64,c1ccccc1
276,-1.64,C=C(Cl)Cl
277,-1.64,O=S(c1ccccc1C2=O)(N2)=O
278,-1.64,CC2(CC1)CCC1C(O2)(C)C
279,-1.64,O=C(N1)NC(C(CCCC)(CC)C1=O)=O
280,-1.66,Clc1ccc(N)cc1
281,-1.67,CC(COC(N)=O)(CCC)COC(N)=O
282,-1.67,CC(OC1CCCCC1)=O
283,-1.68,O=N(=O)c1cc(C(O)=O)ccc1
284,-1.68,BrCCBr
285,-1.7,O=C(O)c1c(OC)c(Cl)ccc1Cl
286,-1.7,CCNc1ccccc1
287,-1.7,CCCCCCC=O
288,-1.71,FC(F)(F)C(Cl)Br
289,-1.71,O=C(N1)NC(C(C(C)C)(CC=C)C1=O)=O
290,-1.72,CC(O)(C)CCCCC
291,-1.72,CC(O)C(C)CCCC
292,-1.73,O=C1C=CC(c2cc(ccc2O)O)(C=C1)O
293,-1.73,BrCCC
294,-1.74,Oc1ccccc1N(=O)=O
295,-1.74,ClC(Cl)C(Cl)Cl
296,-1.74,NS(=O)(c1ccc(C)cc1)=O
297,-1.75,CCCCC(OCC)=O
298,-1.76,CSc2ncc1nccnc1n2
299,-1.76,NC(c(cccc1)c1O)=O
300,-1.76,Cc1c(NC(CN(CC)CC)=O)c(C)ccc1
301,-1.77,CC=CC=CC(O)=O
302,-1.77,NC(Nc1ccccc1)=S
303,-1.77,O=C(CS1)NC1=S
304,-1.78,Oc1ccc(C(OC)=O)cc1
305,-1.78,O=C(OCCC)c1cc(O)c(O)c(O)c1
306,-1.78,CC(Nc(cc1)ccc1F)=O
307,-1.8,O=N(=O)c1ccccc1
308,-1.8,O=C(NC)Oc1cc(C)ccc1
309,-1.8,Fc1ccccc1
310,-1.81,CCCCCCCO
311,-1.82,Oc1ccccc1C(O)=O
312,-1.83,O=C(c1ccccc1)CC
313,-1.83,CC(N=C1SC(S(N)(=O)=O)=NN1C)=O
314,-1.84,CC15C(O)C=CC2(OC5=O)C1C(C(O)=O)C3(CC4=C)C2CCC4(O)C3
315,-1.85,CCCCOCCCC
316,-1.85,COc1ccccc1
317,-1.86,O=C(O)C(CCC)CCC
318,-1.87,O=C(C=C3)CC(C34CC2)(CCN4C)c1c2ccc(OC)c1O
319,-1.87,O=C1CC(C)CCC1
320,-1.89,C12CCCCN1CC(C(CCCC4)N4C3)CC23
321,-1.89,O=C(OCCCCC)C
322,-1.89,O=C(OCC)C1(c2ccccc2)CCN(C)CC1
323,-1.89,COc1c(C2=O)c(CO2)ccc1OC
324,-1.89,O=C(O)CCCCCCCC(O)=O
325,-1.9,ClC(Br)(Br)
326,-1.91,C(Br)(Br)Br
327,-1.91,CN1C2CCC1CC(OC(C(CO)c3ccccc3)=O)C2
328,-1.91,CC(Nc(cc1)ccc1OC(C)=O)=O
329,-1.92,CCCC(OCCC)=O
330,-1.92,O=C(c(c(C=O)ccc1OC)c1OC)O
331,-1.92,NC(OCCCCCC)=O
332,-1.92,CN(C)c1ccccc1
333,-1.92,O=C(CC)Nc1ccccc1
334,-1.92,CC(OCCC(C)C)=O
335,-1.93,O=C(C(NC1=O)=CC(N1)=O)O
336,-1.93,OC(c1ccccc1)C(c2ccccc2)O
337,-1.94,O=S(c1ccc(N)cc1)(Nc2nnc(CC)s2)=O
338,-1.94,Cc(cc2)cc1c2ccc(C)n1
339,-1.95,CN(C)c1nc(C)c(C)c(OC(N(C)C)=O)n1
340,-1.96,COc(cccc1)c1N(=O)=O
341,-1.96,O=C(O)C=Cc1c[nH]cn1
342,-1.96,CC(Cl)CC
343,-1.96,Nc1ccccc1N(=O)=O
344,-1.97,C1=CCC=CC1
345,-1.99,Oc(cc2)cc1c2CCCC1
346,-2.0,CC(Cl)(Cl)Cl
347,-2.02,Cc1ccccc1S(N)(=O)=O
348,-2.03,ClCCCC
349,-2.05,CC(CCCCCC)=O
350,-2.05,O=C(NC)Oc(cccc1)c1OC(C)C
351,-2.06,O=S(c1ccc(C(C)=O)cc1)(NC(NC2CCCCC2)=O)=O
352,-2.06,C=C(C(O)=O)c1ccccc1
353,-2.06,CC1=CCC(C(C)=C)CC1=O
354,-2.06,O=C(c(cccc1)c1C)O
355,-2.07,c1ccc2C(O)N3CCC(O)C3=Nc2c1
356,-2.07,OC(Cc1c[nH]c2c1cccc2)=O
357,-2.08,CC(c1cc(O)c(C)cc1)C
358,-2.09,CC(Nc1cc(C)ccc1)=O
359,-2.09,O=C(N(C)C)Oc1cc(C)nn1c2ccccc2
360,-2.09,CC(I)C
361,-2.09,C=CCC=C
362,-2.09,CC(O)CCCCCC
363,-2.09,O=C(C5)N(C4C2(CC7)C(N7C6)CC3C6=CCOC5C34)c1c2cc(OC)c(OC)c1
364,-2.1,OCc(c(Cl)ccc1)c1Cl
365,-2.11,OCC(CC)CCCC
366,-2.11,OC(c1ccccc1C(O)=O)=O
368,-2.12,Sc1ccccc1
369,-2.12,Nc1ncnc2c1nc[nH]2
370,-2.13,CN(CN(C)CS1)C1=S
371,-2.14,O=C(c1cc(C)ccc1)O
372,-2.14,c1ccc2C=CC(=O)Nc2c1
373,-2.15,O=C1NCCN1C(NCC(C)C)=O
374,-2.15,C1=CC=CC=CC1
375,-2.16,O=C(O)COc(cccc1)c1Cl
376,-2.16,Oc(cc2)cc1c2nccc1
377,-2.17,O=C(N1)NC(C(C2=CCCCC2)(CC)C1=O)=O
378,-2.17,NC(Nc1ccc(OCC)cc1)=O
379,-2.18,O=C(N1)NC(C(c2ccccc2)(CC=C)C1=O)=O
380,-2.18,O=S(NC(NCCCC)=O)(c(cc1)ccc1N)=O
381,-2.18,ClC(Cl)(Cl)CCl
382,-2.19,O=N(c1ccc(C=NO)o1)=O
383,-2.19,Nc1cccc(N(=O)=O)c1
384,-2.21,O=C(N1)NC(C(C(C)C)(CC)C1=O)=O
385,-2.21,Cc1ccccc1
386,-2.21,OC(c1ccccc1)(c2ccccc2)C(O)=O
387,-2.22,Oc2cccc1ccccc12
388,-2.22,Cc1cc(O)c(C(C)C)cc1
389,-2.22,OC(C(C)Oc1ccccc1Cl)=O
390,-2.22,O=N(OCC(ON(=O)=O)CON(=O)=O)=O
391,-2.23,O=C(N1C)NC(C(CC)(CC)C1=O)=O
392,-2.23,O=C(O)COc(ccc(Cl)c1)c1C
393,-2.24,CCCCc(c(O)nc(N(C)C)n1)c1C
394,-2.24,Cc1cc(NS(=O)(c2ccc(cc2)N)=O)nc(C)n1
395,-2.24,CC(Nc(cccc1)c1O)=O
396,-2.26,S=C(NC=C1)NC1=O
397,-2.28,Oc2cc1ccccc1cc2
398,-2.28,O=C(NC1=O)C(N(=O)=O)C(N1)=O
399,-2.29,ICCC
400,-2.3,CCCCCCCC(O)=O
401,-2.3,S=P(OCC)(OCC)Oc1ccc(S(C)=O)cc1
402,-2.31,Fc1c(F)c(F)cc(F)c1
403,-2.31,ClC(Cl)(Cl)Cl
404,-2.32,O=C(OCC)c1ccccc1
405,-2.32,CC1(C)C2CCC1(C)C(O)C2
406,-2.32,Nc1ccc(S(=O)(Nc2ccnn2c3ccccc3)=O)cc1
407,-2.33,O=C(c(cc1)ccc1N)OCCC
408,-2.33,O=C(NN)Nc1ccccc1
409,-2.34,Oc1c(cccc1)C(OC)=O
410,-2.34,Oc(c(Cl)cc(Cl)c1)c1Cl
411,-2.34,CCC(CCC2=O)(c1ccccc1)C(N2)=O
412,-2.35,Nc1c(CC)cccc1CC
413,-2.35,O=C(OCC)c1ccccc1C(OCC)=O
414,-2.35,O=C(c1ccc(O)cc1)OCC
415,-2.36,CCCCCCCC=O
416,-2.36,C#CCCCC
417,-2.36,O=C(NC1CCCCCCC1)N(C)C
418,-2.36,CSc2c1nccnc1ncn2
419,-2.36,S=C2N=CC1=C(N2)N=CC=N1
420,-2.37,CCOc1ccc(NC(C)=O)cc1
421,-2.37,CCCCBr
422,-2.38,Clc1ccccc1
423,-2.38,BrC(CCl)CBr
424,-2.38,N#Cc1ccccc1C#N
425,-2.38,Oc1c(cn[nH]2)c2ncn1
426,-2.39,ClCc1ccccc1
427,-2.39,Oc(cccc2)c2c1ccccc1
428,-2.39,CSc1ccccc1
429,-2.4,ClC(Cl)CCC
430,-2.41,O=C(c(cc1)ccc1OC)OC
431,-2.41,Cc1nnc(NS(=O)(c2ccc(N)cc2)=O)s1
432,-2.41,O=N(c1ccc(OC)cc1)=O
433,-2.42,Cc1c[nH]c2c1cccc2
434,-2.43,CC(C)CBr
435,-2.43,S=C(NC(C)=C1)NC1=O
436,-2.43,Nc1ccc(S(Nc2nccs2)(=O)=O)cc1
437,-2.43,O=C(C(S(=O)(CCO2)=O)=C2C)Nc1ccccc1
438,-2.44,O=N(c1cc(C)ccc1)=O
439,-2.44,O=S(c1ccc(N)cc1)(Nc2nc(C)c(C)o2)=O
440,-2.45,n(cc(c(n1)O)C)c1S
441,-2.45,CC(C(O)=O)Oc(ccc(Cl)c1)c1Cl
442,-2.47,O=C(O)c1c(Cl)c(N)cc(Cl)c1
443,-2.48,O=C(N1C(C)(C)C)C(Cl)=C(C)NC1=O
444,-2.48,OC(C=Cc1ccccc1)=O
445,-2.48,O=C(CCl)N(C(C)C)c1ccccc1
446,-2.51,Clc1c(OCC(O)=O)ccc(Cl)c1
447,-2.52,O=C2c1c(O)ccc(Cl)c1C(O)C3C2=C(O)C(C(C(C(N)=O)=C(O)C4N(C)C)=O)(O)C4C3
448,-2.52,CC(C(C(NC1=O)=O)(C(N1)=O)CC)CCC
449,-2.53,COc1c(O)cc(Cl)c(Cl)c1
450,-2.54,CC=CCC
451,-2.54,ClCc(cc1)ccc1F
452,-2.54,Oc1c(cccn2)c2ccc1
453,-2.54,COc1cc(NS(=O)(c2ccc(cc2)N)=O)nc(C)n1
454,-2.55,Clc1cc(C)c(OC(C)C(O)=O)cc1
455,-2.56,CC1=C(C(Nc2ccccc2)=O)CCCO1
456,-2.57,O=C(N1)NC(C(CCC(C)C)(CC)C1=O)=O
457,-2.58,COc1cnc(NS(=O)(c2ccc(cc2)N)=O)nc1
458,-2.58,CC(CCCCCCC)=O
459,-2.59,C1=CCCCC1
460,-2.59,OC(c1cc(Cl)ccc1)=O
461,-2.59,CCc1cccs1
462,-2.6,C1(CN(c3ccccc3)Cc2ccccc2)=NCCN1
463,-2.6,C(Cl)(Cl)C(Cl)(Cl)Cl
464,-2.6,COc1ccc(C(C2CC2)(c3cncnc3)O)cc1
465,-2.61,OC(CN1C(Sc2c1c(Cl)ccc2)=O)=O
466,-2.62,O=S(Nc1noc(C)c1)(c2ccc(N)cc2)=O
467,-2.62,NC(OCCCCCCC)=O
468,-2.62,O=S(c1c2cc(Cl)c(S(N)(=O)=O)c1)(NCN2)=O
469,-2.63,C12C(ON(=O)=O)COC1C(ON(=O)=O)CO2
470,-2.63,O=C(c1ccc(N)cc1)CC
471,-2.63,CC(Cl)CCC
472,-2.64,C1CCCC1
473,-2.64,CN(CCN(c2ncccc2)Cc1ccccc1)C
474,-2.64,CN(C)CCN(c2ccccn2)Cc1cccs1
475,-2.65,OC(Cc2cccc1ccccc12)=O
476,-2.68,CC(C)N2C(c1ccccc1NS2(=O)=O)=O
477,-2.68,C=CCCC=C
478,-2.68,C=CCCC
479,-2.68,c12c(cccn3)c3ccc1cccn2
480,-2.69,CC(Nc1ccc(N(=O)=O)cc1)=O
481,-2.69,ClC(C(C)(Cl)C)C
482,-2.7,CC(Cl)C(Cl)C
483,-2.7,Nc(cc2)ccc2c1ccc(N)cc1
484,-2.7,O=C(O)CCCCCCCCCCN
485,-2.71,CCCCCCC(OCC)=O
486,-2.71,c1cc(OCC)ccc1C(=O)OCCN(CC)CC
487,-2.72,Oc1ccc(C(OCCCC)=O)cc1
488,-2.73,OC(c1ccccc1I)=O
489,-2.73,O=C(N(c1c(C)cccc1CC)C(C)COC)CCl
490,-2.73,CCCCCCl
491,-2.74,O=C(N1C)NC(C(C2=CCCCC2)(C)C1=O)=O
492,-2.75,CCCCCCCCC(O)=O
493,-2.75,O=C(c(nc(Cl)c(Cl)c1N)c1Cl)O
494,-2.76,C(C2)(C=C)C1CC(C(O)c3ccnc4c3cc(OC)cc4)N2CC1
495,-2.77,S=C2C1=C(N=CN2)N=CC=N1
496,-2.78,c12c(cccc3)c3ncc1cccc2
497,-2.8,Clc(c(C)cc(O)c1)c1C
498,-2.8,Cc1c(C)cccc1
499,-2.81,O=C(NCc2ccccc2)Cn1c(N(=O)=O)ncc1
500,-2.82,CN2C(ON(C2=O)c1ccc(c(Cl)c1)Cl)=O
501,-2.82,Cc1cc(C)ccc1
502,-2.82,OC4C13C(C5N(C(O)C6CC)C(C4C6C5)C3)N(C)c2c1cccc2
503,-2.82,O=S(c1ccc(N)cc1)(c2ccc(N)cc2)=O
504,-2.84,CC(Nc1ccc(Cl)cc1)=O
505,-2.85,Cc1nc(NS(=O)(c2ccc(cc2)N)=O)ncc1
506,-2.86,Nc1ncc(Cc2cc(OC)c(OC)c(OC)c2)c(N)n1
507,-2.86,O=C(O)C(N)Cc1cc(I)c(O)c(I)c1
508,-2.87,O=C(C(C4=O)=C(O)C(N(C)C)C3C(O)C2C(C)c1c(C(C2=C(O)C34O)=O)c(O)ccc1)N
509,-2.87,O=C1C(Cl)=C(N)C=NN1c2ccccc2
510,-2.88,CN(C2C1CC4C(C(c3c(C4(O)C)c(Cl)ccc3O)=O)=C(C1(C(C(C(N)=O)=C2O)=O)O)O)C
511,-2.89,O=C(N(C)C)Nc1ccc(Cl)cc1
512,-2.89,CC(C)CCBr
513,-2.91,O=S(Nc(onc2C)c2C)(c1ccc(N)cc1)=O
514,-2.92,Oc1c(cccc2O)c2ccc1
515,-2.92,C=CCc1ccc(OC)cc1
516,-2.92,NC(c(cccc1)c1C(N)=O)=O
517,-2.93,O=C(N(C)C)Nc1cc(OC(NC(C)(C)C)=O)ccc1
518,-2.93,O=C2c1c(O)cc(OC)cc1Oc(cc3)c2cc3O
519,-2.96,CCCCI
520,-2.96,COc1cc(NS(=O)(c2ccc(cc2)N)=O)nc(OC)n1
521,-2.98,O=C(N(C)C)C(c2ccccc2)c1ccccc1
522,-3.0,O=C(OCC)C=Cc1ccccc1
523,-3.0,O=C(CC)Nc1cc(Cl)c(Cl)cc1
524,-3.0,O=C(N1)NC(C(C2=CCCCCC2)(CC)C1=O)=O
525,-3.01,CCCCCCCCCO
526,-3.01,O=C(NC1C2C3CCCC3C(C1)C2)N(C)C
527,-3.01,C#CCCCCC
528,-3.02,CCCCc1c(O)nc(NCC)nc1C
529,-3.03,CCN(c1ccccc1)CC
530,-3.04,O=C([NH]O)C(c1ccc(CC(C)C)cc1)C
531,-3.04,CC(C)Nc1nc(NCC)nc(SC)n1
532,-3.05,O=S(c1c2cc(Cl)c(S(N)(=O)=O)c1)(NC=N2)=O
533,-3.05,O=S(c1ccccc1)(NC(NCCCC)=O)=O
534,-3.05,Clc1c(Cl)cccc1
535,-3.07,OC(c2c(cccc4)c4ncc2)C1N(CC3)CC(C=C)C3C1
536,-3.07,BrCCCCC
537,-3.08,Oc(cc(O)cc3)c3C2=C(O)C(c1c(O)cc(O)cc1O2)=O
538,-3.09,OC(C3N4CC(C=C)C(CC4)C3)c1ccnc2c1cccc2
539,-3.09,CC1(CCC2C3C)C=CC(C(C)=C1C2OC3=O)=O
540,-3.11,CCc1ccc(C)cc1
541,-3.11,O=C1CCC2(C)C(CCC3C2C(CC4(C)C3CCC4(O)C(CO)=O)=O)=C1
542,-3.12,ClCCCCCC
543,-3.12,Oc1cccc3c1C(C2=C(O)C(C(C(C(N)=O)=C(O)C4N(C)C)=O)(O)C4CC2C3(O)C)=O
544,-3.12,CCCCN(CCCC)CCCC
545,-3.12,ClC(F)(F)C(F)(F)Cl
546,-3.13,O=C(c(cccc1)c1C(OCC=C)=O)OCC=C
547,-3.13,CC=Cc1ccc(OC)cc1
548,-3.13,Fc1ccc(I)cc1
549,-3.14,OC(C2(C(C(O)=C1C(N)=O)N(C)C))(C(O)=C(C3=O)C(C2O)(C(C)(O)c4c3c(O)ccc4))C1=O
550,-3.14,BrC(Br)(Br)Br
551,-3.14,COc1c(C(C4c(ccc(OC)c5OC)c5C(O4)=O)N(C)CC3)c3cc2c1OCO2
552,-3.14,O=C(C(SCCO2)=C2C)Nc1ccccc1
553,-3.15,Clc1nc(NC(C)(C)C#N)nc(NCC)n1
554,-3.15,O=C(Nc2ccccc2)Nc1ccccc1
555,-3.15,O=C(c(cccc2)c2O)Oc1ccccc1
556,-3.18,CCN(CCNC(c1c(OC)cc(N)c(Cl)c1)=O)CC
557,-3.18,Sc2nc1ccccc1s2
558,-3.18,CCCCC
559,-3.2,Cc(c(C)ccc1)c1C
560,-3.21,Brc1cc(Cl)ccc1
561,-3.21,CCc(cccc1)c1C
562,-3.22,O=C(O)C(c2ccccc2)c1ccccc1
563,-3.22,IC=CI
564,-3.23,C=CCCCC
565,-3.24,Clc(cc(N)cc1)c1Cl
566,-3.24,CC(Nc1c(C)cc(C)c(NS(=O)(C(F)(F)F)=O)c1)=O
567,-3.25,CC(Nc(cc1)ccc1I)=O
568,-3.26,O=C(N(c1c(CC)cccc1CC)COC)CCl
569,-3.26,O=C(c(cc1)ccc1N)OCCCCC
570,-3.26,COC(c1c(Cl)c(N)cc(Cl)c1)=O
571,-3.27,O=C(OCCNCCCCC)c(cc1)ccc1N
572,-3.27,O=C(c1cc(I)ccc1)O
573,-3.27,CC1=CCCCC1
574,-3.27,CC(C)c1ccccc1
575,-3.28,COc1nnc(NS(=O)(c2ccc(cc2)N)=O)cc1
576,-3.28,O=C(NC)Oc1c(cccc2)c2ccc1
577,-3.3,CC1CCCC1
578,-3.3,Cc1c(C(Nc2ccccc2)=O)cco1
579,-3.31,O=C(c(cc1I)c(c(I)c1)O)O
580,-3.31,O=C(c1ccc(Cl)cc1)O
581,-3.31,CC(CCCCCCCC)=O
582,-3.31,Cc(cc(C)cc1)c1C
583,-3.32,O=C(C5)N(C4C2(CC7)C(N7C6)CC3C6=CCOC5C34)c1c2cccc1
584,-3.33,Brc1cc(C#N)cc(Br)c1O
585,-3.35,CCOP(OCC)(N2C(c1ccccc1C2=O)=O)=S
586,-3.36,c12c(cccn3)c3ccc1cccc2
587,-3.36,S=C(N1)NC(C(C(C)CCC)(CC)C1=O)=O
588,-3.37,OC4CCC3(C)C2CC(O)C1(C)C(C(C)CCC(O)=O)CCC1C2C(O)CC3C4
589,-3.37,CCN(C=C1C(O)=O)c(nc(C)cc2)c2C1=O
590,-3.37,C1(CN2CCC1CC2(C(c3ccnc4c3cc(cc4)OC)(O)))C=C
591,-3.37,CCCc1ccccc1
592,-3.37,OC(c2ccc(F)cc2)(c3c(F)cccc3)Cn1cncn1
593,-3.39,CCCCCCCC(OC)=O
594,-3.39,S=C(SCC(Cl)=C)N(CC)CC
595,-3.39,O=C(NS(c1ccc(C)cc1)(=O)=O)NCCCC
596,-3.4,CN(C)CCC=C1c3c(cccc3)OCc2c1cccc2
597,-3.4,O=C(O)CCCCCCCCC=C
598,-3.4,Cc1cc(C)cc(C)c1
599,-3.42,CCOC2Oc1ccc(cc1C2(C)C)OS(C)(=O)=O
600,-3.43,O=C1CCC2(C)C(CCC3C2(F)C(O)CC4(C)C3CCC4(O)C(CO)=O)=C1
601,-3.43,O=C(Nc1cc(C(F)(F)F)ccc1)N(C)C
602,-3.44,CCCCCCCCCC(O)=O
603,-3.46,S=C(N1)NC(C(C(C)CCC)(CC=C)C1=O)=O
604,-3.48,CC(C(CC2)=CC1=O)(CC1)C(C(C3)=O)C2C(CCC4=O)C34C
605,-3.48,O=C(c1ccccc1)OCCCC
606,-3.48,Oc1ccc(c2ccccc2)cc1
607,-3.5,Brc(cccc1)c1Br
608,-3.51,O=S(Nc1ncccn1)(c2ccc(N)cc2)=O
609,-3.51,c1(Nc2ccccc2)ccccc1
610,-3.52,C1CCCCCC1
611,-3.52,O=C(Nc1cc(Cl)c(Cl)cc1)N(C)OC
612,-3.52,Cc1cc(Br)ccc1
613,-3.52,Cc(cccc1)c1Cl
614,-3.54,O=N(c1c(cccc2)c2ccc1)=O
615,-3.55,CC(C)(C)CC
616,-3.57,O=C(N(CC)CC)C(Oc1cccc2c1cccc2)C
617,-3.59,O=S(N(C(C)=O)c1c(C)c(C)no1)(c(cc2)ccc2N)=O
618,-3.59,O=S2(c1cc(S(N)(=O)=O)c(C(F)(F)F)cc1NC(Cc3ccccc3)N2)=O
619,-3.59,Clc1c(Cl)cc(Cl)cc1
620,-3.59,O=C(c(cccc2)c2O)Nc1ccccc1
621,-3.6,c12ccccc1cccc2
622,-3.6,Clc(cccc1)c1C(c(cc(Cl)cc3)c3NC2=O)=NC2O
623,-3.61,Oc1c(I)cc(C#N)cc1I
624,-3.61,O=C(C(C)(C)C)C(n2cncn2)Oc1ccc(Cl)cc1
625,-3.63,CCCCCCCCCCO
626,-3.63,Brc1ccc(Cl)cc1
627,-3.64,O=C1C=CC2(C)C(CCC3C2(F)C(O)CC4(C)C3CC(C)C4(O)C(CO)=O)=C1
628,-3.64,CC(CCC(O)=O)C3CCC4C2C(O)CC1CC(O)CCC1(C)C2CCC34C
629,-3.66,CNCCCN1c3c(cccc3)CCc2c1cccc2
630,-3.66,C#CCCCCCC
631,-3.67,ClC(Cl)(Cl)C(Cl)(Cl)Cl
632,-3.67,Clc1c(ccc(Cl)c1)OCCCC(O)=O
633,-3.68,Cc1cc2c(N=C(C(N3)=O)C(N2CC(O)C(O)C(O)CO)=NC3=O)cc1C
634,-3.68,O=S(NC(NN2CCCCCC2)=O)(c1ccc(C)cc1)=O
635,-3.69,O=C1C=CC2(C)C(CCC3C2(F)C(O)CC4(C)C3CC(O)C4(O)C(CO)=O)=C1
636,-3.69,CC12C(CCC(C3(CCC4=O))C2CCC34C)=CC(CC1)=O
637,-3.7,O=C(c2ccccc2)c1cccc(C(C(O)=O)C)c1
638,-3.7,O=S(Nc1cnccn1)(c(cc2)ccc2N)=O
639,-3.71,O=C(CC)N(c2ccccc2)C1(COC)CCN(CCc3cccs3)CC1
640,-3.73,O=C(C1CCCC)N(c2ccc(O)cc2)N(c3ccccc3)C1=O
641,-3.74,CC(C)CCC
642,-3.75,CCc1ccc(CC)cc1
643,-3.75,O=NN(c2ccccc2)c1ccccc1
644,-3.77,O=C(OC)C(Cl)Cc1ccc(Cl)cc1
645,-3.77,Cc1cc(cccc2)c2cc1
646,-3.78,CC2Nc1cc(Cl)c(S(N)(=O)=O)cc1C(N2c3ccccc3C)=O
647,-3.79,Cc1cccc(C)c1NC(c2cc(S(N)(=O)=O)c(cc2O)Cl)=O
648,-3.8,O=C2CN=C(c3ccccc3)c1cc(N(=O)=O)ccc1N2C
649,-3.81,CCOc2ccc1nc(S(N)(=O)=O)sc1c2
650,-3.81,O=C(C1CCCC)N(c2ccccc2)N(c3ccccc3)C1=O
651,-3.81,BrCCCCCC
652,-3.82,C12CC(O)CCC1(C)C3C(C(CCC4C(CCC(O)=O)C)C4(C)CC3)CC2O
653,-3.84,c1cc(OCCCC)ccc1C(=O)OCCN(CC)CC
654,-3.89,CC(CC)c1ccccc1
655,-3.93,Clc1c(cccc2)c2ccc1
656,-3.95,CCCCCCOC(c1ccc(N)cc1)=O
657,-3.95,Oc1c(cc(Cl)cc1)Cc(cc(Cl)cc2)c2O
658,-3.96,c12cccc(C=C3)c1c3ccc2
659,-3.96,CC34CCC2c1c(CCC2C3CCC4=O)cc(O)cc1
660,-3.97,Cc1c(ccc3c2nccc3C)c2ncc1
661,-3.98,OC4CCN(CC4)CCCN2c1ccccc1Sc3c2cc(C#N)cc3
662,-3.99,CC(Cc(cc1)ccc1C(C)C(O)=O)C
663,-4.0,CC(C)(C)Nc1nc(SC)nc(NCC)n1
664,-4.0,CC1=CCC(C(C)=C)CC1
665,-4.02,Oc1c(Cl)c(Cl)c(Cl)c(Cl)c1OC
666,-4.04,O=C1C(Cl)=C(NC)C=NN1c2cc(C(F)(F)F)ccc2
667,-4.06,CCNc1nc(N(CC)CC)nc(Cl)n1
668,-4.08,O=C(SCC(Cl)=CCl)N(C(C)C)C(C)C
669,-4.08,Clc1cc(C(c4ccccc4Cl)=NCc3nnc(C)n23)c2cc1
670,-4.1,CCCCCCCCCC(OCC)=O
671,-4.1,C34C2CC(C)C1=CC(C=CC1(C)C2(F)C(O)CC3(C)C(C(C)=O)(O)CC4)=O
672,-4.11,O=C(Nc1ccccc1)NC(CCCC2)C2C
673,-4.11,O=C(C(C1=O)C(c2ccccc12)=O)C(C)(C)C
674,-4.12,CC(C)Cc1ccccc1
675,-4.12,CC(C3=CC2)(CCC(O)C3)C1C2C(CCC4=O)C4(C)CC1
676,-4.14,Cc1c(cccc2)c2c(C)cc1
677,-4.14,Clc2cc1ccccc1cc2
678,-4.15,CC(C)(c1ccccc1)CC
679,-4.15,OCCN(CC4)CCN4CCCN1c3c(ccc(C(F)(F)F)c3)Sc2c1cccc2
680,-4.16,COc1ccc(Oc2ccc(cc2)NC(N(C)C)=O)cc1
681,-4.16,COc1ccc2c(ccc(C(C)C(O)=O)c2)c1
682,-4.16,CCCCc1c(OS(=O)(N(C)C)=O)nc(NCC)nc1C
683,-4.16,Clc4cc1c(cc4)Sc3c(cccc3)N1CCCN2CCN(CCO)CC2
684,-4.16,CC(C3CC2)(CCC(O)C3)C1C2C(CCC4=O)C4(C)CC1
685,-4.17,CCc1c(cccc2)c2ccc1
686,-4.17,c1(Cc2ccccc2)ccccc1
687,-4.18,OC1(C(OC)=O)c3c(ccc(Cl)c3)c2c1cccc2
688,-4.19,CN(C)CCCN1c3c(cccc3)CCc2c1cccc2
689,-4.19,O=C(CCl)N(c(c(CC)ccc1)c1CC)COCCCC
690,-4.19,ClC(Cl)(Cl)C(N1CCN(C(NC=O)C(Cl)(Cl)Cl)CC1)NC=O
691,-4.2,CC(OP(OC(C)C)(SCCNS(=O)(c1ccccc1)=O)=S)C
692,-4.21,O=S(NC(NC2CCCCC2)=O)(c(cc1)ccc1C)=O
693,-4.21,O=C(c(cccc2)c2I)Nc1ccccc1
694,-4.22,CC(CN(C)C)CN1c(cc3OC)c(cc3)Sc2c1cccc2
695,-4.22,Nc1c(cc2ccccc2n3)c3ccc1
696,-4.23,S=P(OCC)(OCC)SCCSCC
697,-4.24,O=C(Oc1cc(C(C)(C)C)cc(C(C)(C)C)c1)NC
698,-4.24,N#Cc(c(Cl)ccc1)c1Cl
699,-4.24,C#CCCCCCCC
700,-4.25,CCC1CCCCC1
701,-4.26,CC(C)CC(C)C
702,-4.27,CC1C(C)CCCC1
703,-4.29,Cc1c(cccc2)c2cc(C)c1
704,-4.3,CC(OCC(C4(O)CCC3C2CCC1=CC(CCC1(C)C2C(O)CC34C)=O)=O)=O
705,-4.31,O=C2Oc1c(C=C2)ccc(OC)c1CC=C(C)C
706,-4.31,O=C(O)CCCCCCCCCCCCCC
707,-4.31,c1(c2ccccc2)ccccc1
708,-4.33,CC(CCCC1)C1C
709,-4.35,Brc2cccc1ccccc12
710,-4.35,CC(C3CCC4C2CC(C1CC(CCC1(C2CC(C34C)O)C)O)O)CCC(O)=O
711,-4.35,Oc1ccc(C(CC)=C(CC)c2ccc(O)cc2)cc1
712,-4.36,O=C(O)c2c(cccc2)Nc1cc(C(F)(F)F)ccc1
713,-4.37,O=C1C=CC2(C)C(CCC3C2C(O)CC4(C)C3CCC4(O)C(COC(C)=O)=O)=C1
714,-4.37,O=C(OCC#CCCl)Nc1cccc(Cl)c1
715,-4.4,OC1CCC2(C)C(CCC3C2CCC4(C)C3CCC4=O)C1
716,-4.4,Brc1cc(cccc2)c2cc1
717,-4.4,Clc4cc1c(cc4)Sc3c(cccc3)N1CCCN2CCN(C)CC2
718,-4.4,O=C(OCCCC)c1ccccc1C(OCCCC)=O
719,-4.43,O=C1CCC2(C)C(CCC3C2CCC4(C)C3CCC4C(C)=O)=C1
720,-4.43,CC(C)Nc1nc(NC(C)C)nc(Cl)n1
721,-4.44,O=C1C(c3cc(C(F)(F)F)ccc3)=CN(C)C=C1c2ccccc2
722,-4.44,CCCCCCC=C
723,-4.45,c1(N=Nc2ccccc2)ccccc1
724,-4.46,C3(CC4)C2CC=C1CC(OC(C)=O)CCC1(C)C2CCC3(C)C4=O
725,-4.46,Clc1cc(Cl)ccc1Oc2c(O)cc(Cl)cc2
726,-4.47,CC1CCC(C)CC1
727,-4.49,Fc(cc(C(C(O)=O)C)cc2)c2c1ccccc1
728,-4.5,Brc(cc(Br)cc1)c1Br
729,-4.51,ClC1C(Cl)C(Cl)C(Cl)C(Cl)C1Cl
730,-4.53,CCCCCCC
731,-4.54,Clc(cccc2)c2c1ccccc1
732,-4.55,CCNc1nc(NCC)nc(Cl)n1
733,-4.57,Clc(c(Cl)ccc1Cl)c1Cl
734,-4.57,O=C1CCC2C(CCC3C2CCC4(C)C3CCC4(C#C)O)=C1
735,-4.6,CCCCCCCOC(c1ccc(N)cc1)=O
736,-4.6,S=C=Nc1cccc2c1cccc2
737,-4.6,c13c(cccc3)oc2c1cccc2
738,-4.61,Clc1c(OC)cc(OC)c2c1OC(C(OC)=CC3=O)(C(C)C3)C2=O
739,-4.62,Clc(cc3)ccc3C(n2c(C)c(CC(O)=O)c1cc(OC)ccc12)=O
740,-4.62,CCCCCCCCCCCC(O)=O
741,-4.63,CCCCCCCCCC(OC)=O
742,-4.63,Clc(c(Cl)cc(Cl)c1)c1Cl
743,-4.63,c12cccc(CC3)c1c3ccc2
744,-4.64,CCCCCc1ccccc1
745,-4.66,O=C(c(cccc1)c1C(OCC(C)C)=O)OCC(C)C
746,-4.67,CCCCCCCCCCCCO
747,-4.69,CCCCCCCCCCCC(OC)=O
748,-4.7,CC(OCCN4CCN(CC4)CCCN2c1c(Sc3ccc(cc23)Cl)cccc1)=O
749,-4.7,O=C(c(cc2Cl)c(cc2)O)Nc(ccc(N(=O)=O)c1)c1Cl
750,-4.71,O=C1CCC2(C)C(CCC3C2CCC4(C)C3CCC4(O)C(C)=O)=C1
751,-4.71,O=C1C=CC2(C)C(CCC3C2(F)C(O)CC4(C)C3CC(C)C4(OC(CCCC)=O)C(CO)=O)=C1
752,-4.74,CCCC1CCCC1
753,-4.74,c1ccc2Sc3ccccc3N(CC4CN(C)CCC4)c2c1
754,-4.74,Cc1c(cccc2C)c2ccc1
755,-4.77,O=C(Nc1cc(Cl)c(Cl)cc1)N(C)CCCC
756,-4.81,CCCCCCCI
757,-4.85,Cc1cccc(c1)Oc2cccc(c2)C
758,-4.86,S=C(SSC(N(CC)CC)=S)N(CC)CC
759,-4.88,Clc1cccc(c2ccccc2)c1
760,-4.9,O=C1C=CC2(C)C(CCC3C2(F)C(O)CC4(C)C3CC(C)C4(OC(C)=O)C(CO)=O)=C1
761,-4.91,c1(cccc3)c3Cc2c1cccc2
762,-4.92,Clc1cc(c2cc(Cl)c(N)cc2)ccc1N
763,-4.92,Cc1ccc(c2c1cccc2C)C
764,-4.93,CC(OC(C(c1ccc(Br)cc1)(c2ccc(Br)cc2)O)=O)C
765,-4.95,CC=C(c1ccc(O)cc1)C(c2ccc(O)cc2)=CC
766,-4.95,CC1(CC2)C(OC(C)=O)(C(C)=O)CCC1C(C=C3Cl)C2C(C=C4)(C)C3=CC4=O
767,-4.97,c1(cccc3)c3[nH]c2c1cccc2
768,-4.98,Clc1cc(Cl)c(Cl)c2nsnc12
769,-5.01,CN(C)CCCN1c(cc(Cl)cc3)c3Sc2c1cccc2
770,-5.03,O=C(C(NC(C(Cl)Cl)=O)=C2Cl)c(cccc1)c1C2=O
771,-5.04,Brc1c(Br)cccc1Br
772,-5.05,C=CCCCCCCC
773,-5.06,CCCCCCCCBr
774,-5.06,OC(CCC(c1ccc(c2ccccc2)cc1)=O)=O
775,-5.09,COc1ccc(cc1C(NCCc2ccc(S(=O)(NC(NC3CCCCC3)=O)=O)cc2)=O)Cl
776,-5.14,O=P(SCCCC)(SCCCC)SCCCC
777,-5.15,OC4CCC3(C)C2CC(O)C1(C)C(C(C)CCC(NCC(O)=O)=O)CCC1C2C(O)CC3C4
778,-5.17,Nc3cc2cc1ccccc1cc2cc3
779,-5.18,ClC1(C(Cl)=C(Cl)C(Cl)=C1Cl)Cl
780,-5.19,O=C(OC(C)C)C=C(C)C=CCC(C)CCCC(OC)(C)C
781,-5.19,O=C(c2c1cccc2)c(cccc3)c3C1=O
782,-5.21,Clc(cccc2Cl)c2c1ccccc1
783,-5.22,Oc1ccc(Oc2c(I)cc(CC(N)C(O)=O)cc2I)cc1I
784,-5.22,Cc1c(Cc3ccccc23)c2ccc1
785,-5.24,CCCCCCCC
786,-5.25,Clc(cc(Cl)cc2)c2c1ccccc1
787,-5.27,CC(C3(CCC4C2C=C(C1=CC(CCC1(C2CCC34C)C)=O)C)C)=O
788,-5.27,Clc(cccc2)c2c1ccccc1Cl
789,-5.28,Oc1cc(CC=C3C2CCC4(C)C3CCC4=O)c2cc1
790,-5.28,Clc(cccc2)c2c1ccc(Cl)cc1
791,-5.3,CN(CCCN2c1ccccc1Sc3c2cc(C(F)(F)F)cc3)C
792,-5.31,c1(cccc3)c3Oc(cccc2)c2O1
793,-5.33,O=C(O)CCCCCCCCCCCCC
794,-5.35,CC(OC(C12C)(CCC1C(C=C(C)C3=CC4=O)C(C3(CC4)C)CC2)C(C)=O)=O
795,-5.37,O=C1CCC2(C)C(CCC3C2CCC4(C)C3CCC4OC(CC)=O)=C1
796,-5.4,O=C(c(cc1)ccc1N)OCCCCCCCC
797,-5.4,c1(c2nc(cccc4)c4cc2)nc(cccc3)c3cc1
798,-5.4,O=C1N(SC(Cl)(Cl)C(Cl)Cl)C(C2CC=CCC12)=O
799,-5.41,CC45CCC2C(C4CCC5O)CCC3CC1SC1CC23C
800,-5.43,Clc1c2c(nccn2)c(Cl)c(Cl)c1Cl
801,-5.46,Clc1c(Oc2ccc(N(=O)=O)cc2)ccc(Cl)c1
802,-5.47,Nc1c(C(F)(F)F)cc(N(=O)=O)c(N(CC)CC)c1N(=O)=O
803,-5.47,CN(C=Nc(ccc(C)c2)c2C)C=Nc(ccc(C)c1)c1C
804,-5.51,CC(C(C(COC(CC(C)(C)C)=O)=O)(O)CC1)(CC2O)C1C(CC3)C2C(CC4)(C)C3=CC4=O
805,-5.53,FC(F)(F)c1cc(N(=O)=O)c(N(CC)CCCC)c(N(=O)=O)c1
806,-5.54,S=P(OCC)(OCC)SCSP(OCC)(OCC)=S
807,-5.54,COc1cc3c(n(c(C)c3CC(O)=O)C(C=Cc2ccccc2)=O)cc1
808,-5.64,O=C(OCc2ccccc2)c1ccccc1C(OCCCC)=O
809,-5.64,ClC13C(Cl)=C(Cl)C(C3(Cl)Cl)(Cl)C2C1C=CC2
810,-5.65,Clc(c(Cl)cc(Cl)c1Cl)c1Cl
811,-5.66,O=C1CCC2(C)C(CCC3C2CCC4(C)C3CCC4(C#C)O)=C1
812,-5.68,CCCCCCCCCCCCCCCCCC(O)=O
813,-5.69,CC(Oc1cc(N2N=C(C(C)(C)C)OC2=O)c(cc1Cl)Cl)C
814,-6.7,CC12C(CC3)C(CCC1CCCC2)C(CC4)C3(C)C4=O
815,-5.72,S=P(OC)(OC)Oc(cc(Cl)c(Cl)c1)c1Cl
816,-5.82,O=N(c(c(Cl)c(Cl)c(Cl)c1Cl)c1Cl)=O
817,-6.0,c24c(cccc4)c1cccc3c1c2ccc3
818,-6.01,Clc1cc(c2cc(Cl)ccc2Cl)ccc1
819,-6.02,O=C(NC(Nc2ccc(Cl)cc2)=O)c1c(F)cccc1F
820,-6.05,CCCCCCCCCCCCCCO
821,-6.14,Clc1cc(Cl)c(c2ccccc2)c(Cl)c1
822,-6.19,c1(ccc3ccc4)cccc2ccc4c3c12
823,-6.2,Nc(c4c3cccc4)cc1c3ccc2c1cccc2
824,-6.25,Clc(ccc(Cl)c2)c2c1ccc(Cl)cc1
825,-6.26,Clc1ccc(c2cccc(Cl)c2Cl)cc1
826,-6.27,Clc(cc(Cl)c(Cl)c2)c2c1ccccc1
827,-6.29,ClC12C3C(C4C(O5)C5C3C4)C(C2(Cl)Cl)(Cl)C(Cl)=C1Cl
828,-6.29,Clc(cccc2)c2c1ccc(Cl)c(Cl)c1
829,-6.34,S=P(OCC)(OCC)SC(CCl)N1C(c(cccc2)c2C1=O)=O
830,-6.35,c12ccccc1cc3c(cccc3)c2
831,-6.36,ClC(Cl)=C(c1ccc(Cl)cc1)c(cccc2)c2Cl
832,-6.39,Clc1cc(c2ccccc2)ccc1Cl
833,-6.47,Clc1ccc(Cl)c(c2cccc(Cl)c2Cl)c1
834,-6.51,ClC(Cl)C(c1ccc(Cl)cc1)c(cccc2)c2Cl
835,-6.56,Clc1ccc(c2ccc(Cl)cc2)cc1
836,-6.57,Clc1ccc(Cl)cc1c2c(Cl)cc(Cl)cc2
837,-6.57,Cc(c2c1cccc2)c(cccc3)c3c1C
838,-6.62,S=P(OC)(OC)Oc1c(Cl)cc(I)c(Cl)c1
839,-6.68,c2(c(cccc4)c4cc3)c3c1ccccc1C2
840,-6.74,c1(cccc3)c3c(cccc4)c4c2c1cccc2
841,-6.8,Clc(cc2)c(cc2Cl)c1c(Cl)cccc1Cl
842,-6.89,CCc3cc2cc1ccccc1cc2cc3
843,-6.9,ClC(Cl)=C(c2ccc(Cl)cc2)c1ccc(Cl)cc1
844,-6.96,Cc1cc(cc(cccc3)c3c2)c2cc1
845,-7.02,Cc1c(c(cccc4)c4cc3)c3c(C)c2c1cccc2
846,-7.11,c1(c2ccc(c3ccccc3)cc2)ccccc1
847,-7.2,ClC(Cl)C(c2ccc(Cl)cc2)c1ccc(Cl)cc1
848,-7.21,Clc(c(Cl)c2Cl)c(cc2Cl)c1c(Cl)cccc1
849,-7.25,Clc(ccc(Cl)c2)c2c1ccc(Cl)c(Cl)c1
850,-7.28,Clc1c(Cl)cccc1c2c(Cl)c(Cl)ccc2
851,-7.32,CC5C6(OCC(C)CC6)OC4CC3C2CC=C1CC(O)CCC1(C)C2CCC3(C)C45
852,-7.32,Clc2c(c(Cl)cc(Cl)c2)c1c(Cl)cccc1Cl
853,-7.39,Clc(cc(Cl)c(Cl)c2)c2c1ccc(Cl)c(Cl)c1
854,-7.39,Clc(cccc2Cl)c2c1c(Cl)cccc1Cl
855,-7.42,c2(cc4)c([nH]c3c(cccc5)c5ccc23)c1c4cccc1
856,-7.42,Clc1c(c2cc(Cl)ccc2Cl)c(Cl)c(Cl)cc1Cl
857,-7.43,Clc2c(c(Cl)cc(Cl)c2Cl)c1c(Cl)cccc1
858,-7.66,Clc1c(c2ccc(Cl)c(Cl)c2)c(Cl)c(Cl)c(Cl)c1
859,-7.68,Clc1ccc(Cl)c(c2cc(Cl)c(Cl)c(Cl)c2Cl)c1
860,-7.8,Clc1ccc(c2ccc(c(Cl)c2)Cl)c(Cl)c1
861,-7.82,Clc(c(Cl)c2Cl)c(cc2Cl)c1ccc(Cl)c(Cl)c1
862,-7.92,Clc(c(Cl)c(Cl)c(Cl)c2Cl)c2c1ccccc1
863,-7.92,Clc1c(c2cc(Cl)c(Cl)cc2Cl)c(Cl)c(Cl)c(Cl)c1
864,-7.92,Cc(ccc2cc4c3ccc5c4cccc5)c1c2c3CC1
865,-8.0,c3(ccc5c4cccc5)c4c1c2c(cccc23)ccc1
866,-8.01,Clc1ccc(c2ccc(c(Cl)c2Cl)Cl)c(Cl)c1Cl
867,-8.19,c23c1c4cccc1ccc2cc5c(cccc5)c3cc4
868,-8.23,c23c4c1ccccc1c2cccc3c(cccc5)c5c4
869,-8.4,FC(F)(F)c1cccc(C(c3ccccc3)(n4cncn4)c2ccccc2)c1
870,-8.56,Clc(cc(Cl)c(Cl)c2)c2c1cc(Cl)c(Cl)cc1Cl
871,-8.6,Clc(c(Cl)c2)c(c(Cl)c2Cl)c1c(Cl)c(Cl)ccc1
872,-8.71,Clc1cc(Cl)c(c2c(cc(cc2Cl)Cl)Cl)c(Cl)c1
873,-8.8,c14cccc2cccc(c3c5c(cccc45)ccc3)c12
874,-8.94,Clc1c(c2cc(Cl)ccc2Cl)c(Cl)c(Cl)c(Cl)c1Cl
875,-9.15,Clc(c(Cl)cc(Cl)c2Cl)c2c1c(Cl)c(Cl)cc(Cl)c1Cl
876,-9.16,Clc1c(Cl)c(Cl)c(Cl)c(c2cc(Cl)c(Cl)c(Cl)c2Cl)c1
877,-11.62,Clc1c(c(Cl)c(c2c(c(Cl)c(c(Cl)c2Cl)Cl)Cl)c(Cl)c1Cl)Cl
878,1.13,CNC(N)=O
879,1.07,O=C1CCCO1
880,1.07,O=C1CCCN1
881,1.06,C1COCCN1
882,1.05,OC1COCC1
883,1.0,CN1C(CCC1)=O
884,0.96,OCc1cccnc1
885,0.96,O=C(N)N
886,0.96,C=CC(N)=O
887,0.94,O=C(N(C)C)N(C)C
888,0.84,CN(C)C
889,0.79,CN1C(c2cccnc2)CCC1
890,0.74,OC1OC(CO)C(O)C(O)C1O
891,0.7,OCC(O)C(CO)O
892,0.52,CC(OC)=O
893,0.51,OC(C(O)=O)(CC(O)=O)CC(O)=O
894,0.43,O=P(OCC)(OCC)OCC
895,0.43,CC(O)CC
896,0.38,O=C(O)C(O)=O
897,0.38,Cc1cc(C)cnc1
898,0.36,Cc(ccnc1)c1C
899,0.32,NC(N)=S
900,0.3,FC(F)(F)C(O)C
901,0.06,Cc1nc(ncnc2)c2nc1
902,0.01,CC(C(O)=O)=C
903,0.0,CCCCO
904,-0.02,NC(CCl)=O
905,-0.04,CC(OCC)=O
906,-0.06,COC(C)C
907,-0.11,OC(CCl)CCl
908,-0.14,O=C(OC)CC
909,-0.17,Oc1ccc(O)cc1
910,-0.22,OC(C(Cl)(Cl)Cl)P(OC)(OC)=O
911,-0.24,CC(C)(C)OC
912,-0.35,NC(OCc1ccccc1)=O
913,-0.36,Nc1nccs1
914,-0.4,O=C1NC(CN1)=O
915,-0.4,O=C(NC1=O)C(N1)=O
916,-0.4,CC(C)(C)CO
917,-0.4,OC(c1ccc(N)cc1)=O
918,-0.41,Nc1ccccc1
919,-0.41,CC(C)(O)C(C)C
920,-0.42,CCCCOCCO
921,-0.43,CC(OCC)OCC
922,-0.43,OC(CCI)=O
923,-0.46,CCCNCCC
924,-0.47,CC(CO)CC
925,-0.48,O=C(c1ccco1)O
926,-0.49,CC(C)(O)CCC
927,-0.52,CC(C)CCO
928,-0.55,CC(OC(C)C)=O
929,-0.55,CCOC(C)C
930,-0.6,CCS
931,-0.6,CCCCCO
932,-0.62,CC(C)N(=O)=O
933,-0.62,CN2N(c1ccccc1)C(C(N)=C2C)=O
934,-0.62,Oc1ccccc1C
935,-0.71,S=C1NCCN1
936,-0.74,OCCc1ccccc1
937,-0.8,O=N(=O)CCC
938,-0.8,CC(C)CC(O)C
939,-0.8,CC(CCCC)=O
940,-0.81,O=C(O)C(CC)CC
941,-0.82,OC(CCCCC(O)=O)=O
942,-0.83,O=C1CNC(CN1)=O
943,-0.85,CN(C(OC1=CC(CC(C)(C1)C)=O)=O)C
944,-0.85,Cc1c(N)cccc1
945,-0.85,CC(C)C(O)(C)CC
946,-0.89,CC(O)(C)C(C)CC
947,-0.89,CC(O)CCCC
948,-0.91,NC(c1cnccn1)=O
949,-0.93,OC(C(CO)c1ccccc1)=O
950,-0.94,CC(CCCC1)C1=O
951,-0.95,NC(NCc1ccccc1)=O
952,-0.95,CN(c1ccccc1)C(C)=O
953,-0.96,NC(N(N=O)CC)=O
954,-1.0,N#Cc1ccccc1
955,-1.01,Oc1cccc(N(=O)=O)c1
956,-1.04,CCC(C)(C)CO
957,-1.06,ClCCCl
958,-1.06,CC(CC(C)=CC1=O)(C1)C
959,-1.06,Oc1ccccc1Cl
960,-1.06,CCCCCC(O)=O
961,-1.1,CCCCCCN
962,-1.11,CC(CO)CCC
963,-1.12,ClCCOCCCl
964,-1.15,OC(CC)C(C)(C)C
965,-1.16,O=C(c1cc(O)c(O)c(O)c1)O
966,-1.17,C(Br)(Br)
967,-1.2,Cc1cc(O)c(cccc2)c2n1
968,-1.21,Nc1ccc(C)cc1
969,-1.23,Oc1ncnc2c1ncn2C3C(O)C(O)C(CO)O3
970,-1.24,O=C(c(cc1O)cc(O)c1O)OC
971,-1.26,OCCn1c(N(=O)=O)cnc1C
972,-1.26,O=C(NC(C)=C1)NC1=O
973,-1.28,Cc1cc(N)nc(C)n1
974,-1.28,CNc1ccccc1
975,-1.3,CCCC(CCC)=O
976,-1.3,ClC=CCl
977,-1.31,Cc1c(O)c(C)ccc1
978,-1.32,BrC=CBr
979,-1.34,CCCOC(C)C
980,-1.35,CNC(NCCSCc1c(C)[nH]cn1)=NC#N
981,-1.36,C=CCCl
982,-1.36,Nc1ccc(cc1)S(N)(=O)=O
983,-1.39,O=C(O2)c1ccccc1C2=O
984,-1.41,Cc(cc(O)cc1)c1C
985,-1.41,CC(Cl)C
986,-1.41,Oc1ccc(C(O)=O)cc1
987,-1.42,CC1(C)C(C(O)=O)CCC1(C)C(O)=O
988,-1.42,CN(C2C1CC5C(C(c4c(C5(O)C)cccc4O)=O)=C(C1(C(C(C(NCN3CCCC3)=O)=C2O)=O)O)O)C
989,-1.42,CC(CC(C)C)=O
990,-1.45,O=C(C1CCCCC1)O
991,-1.46,S=C(NCC)NCC
992,-1.47,NC(OCCCCC)=O
993,-1.47,FC(F)(c1cc(N)ccc1)F
994,-1.47,CCC(O)CCCC
995,-1.48,O=C(NC=C1)NC1=O
996,-1.5,C=CCBr
997,-1.5,c12ccccc1scn2
998,-1.5,CCCC1NCCCC1
999,-1.52,Clc(cccc1)c1N
1000,-1.52,O=C1C(C)=CNC(N1)=O
1001,-1.54,BrC(Cl)Cl
1002,-1.56,NS(=O)(c1ccccc1)=O
1003,-1.59,CC(Br)C
1004,-1.6,NC(NC(C(N1)=O)NC1=O)=O
1005,-1.6,CCI
1006,-1.6,CCC(C)(O)CCCC
1007,-1.6,OC(C(N)Cc1ccc(O)c(O)c1)=O
1008,-1.61,CC(c1ccc(N)cc1)=O
1009,-1.63,CC(CC(C(C)(C)C)=O)=O
1010,-1.64,C#CCCC
1011,-1.66,O=C(OC)NS(c1ccc(N)cc1)(=O)=O
1012,-1.66,O=C(OC)c1ccccc1C(OC)=O
1013,-1.68,O=C(c1ccccc1)NCC(O)=O
1014,-1.71,NCC(CC)CCCC
1015,-1.83,O=C(NCC)C(OC(Nc1ccccc1)=O)C
1016,-1.84,C12OC(C(Cl)(Cl)Cl)OC1(C(C(O2)C(O)(CO))O)
1017,-1.85,CCCCCCCN
1018,-1.85,O=C(OC)c1ccccc1
1019,-1.85,CC(CC2C1(C)C)(CC2)C1=O
1020,-1.85,ClCCCBr
1021,-1.87,C=CC=C
1022,-1.89,O=C2C=Cc1ccccc1O2
1023,-1.89,O=C(c(cccc1)c1Cl)O
1024,-1.91,O=N(c(cccc1)c1NC(C)=O)=O
1025,-1.92,ClC(CCl)CCl
1026,-1.92,Nc2cccc1ccccc12
1027,-1.94,Cc2nc1ccccc1c(C)c2
1028,-1.95,Nc1ncnc2c1ccn2C3OC(CO)C(C3O)O
1029,-1.96,Cc2nc1ccccc1[nH]2
1030,-1.96,COc(cccc1)c1O
1031,-1.96,C(Cl)=C(Cl)Cl
1032,-1.97,Fc1ccc(F)cc1
1033,-1.99,CC(C)=CCCC(C)(O)C=C
1034,-1.99,O=S(NC(N)=N)(c(cc1)ccc1N)=O
1035,-1.99,O=C(CC(CC2)C1(C)C)C12C
1036,-2.0,CCCCCC(OC)=O
1037,-2.0,CC(CCl)C
1038,-2.0,Fc1cc(F)ccc1
1039,-2.03,C=C(C=C)C
1040,-2.05,Oc1c(OC)cc(C(O)=O)cc1
1041,-2.06,CC(C)=CCCC(C)=CC=O
1042,-2.06,O=C(N1)NC(C(CC=C)(CC=C)C1=O)=O
1043,-2.07,Cc1cccc3c1n2cnnc2S3
1044,-2.08,BrCCCBr
1045,-2.08,CNC(ON=C1C2C(C#N)CC(C2)C1Cl)=O
1046,-2.09,CCSCc1ccccc1OC(NC)=O
1047,-2.1,Nc1ncc(Cc2cc(OC)c(OCCOC)c(OC)c2)c(N)n1
1048,-2.1,C1=CCCC1
1049,-2.11,OC(C(CO)NC(C(Cl)Cl)=O)c1ccc(N(=O)=O)cc1
1050,-2.15,S=C(NC(CCC)=C1)NC1=O
1051,-2.15,CC(Br)CBr
1052,-2.16,c1(cccc2)c2[nH]nc1
1053,-2.18,O=C1CC(C(C)=C)CCC1C
1054,-2.18,CCCCS
1055,-2.21,Clc(cc(Cl)c(O)c1)c1Cl
1056,-1.99,OC1(C2(C(NC(NC2=O)=O)=O)O)C(NC(NC1=O)=O)=O
1057,-2.23,CN1C2CCC1C(C(OC)=O)C(OC(c3ccccc3)=O)C2
1058,-2.27,O=C(c1ccccc1)NC(c2ccccc2)=O
1059,-2.27,Cc1cc(C)nc(NS(=O)(c2ccc(N)cc2)=O)n1
1060,-2.28,CCCN(CCC)CCC
1061,-2.28,O=C(c1c(c(cccc2)c2C(O)=O)cccc1)O
1062,-2.29,O=C(O)COc1ccc(Cl)cc1
1063,-2.29,c12c(nc[nH]2)N=CNC1=O
1064,-2.3,BrC1CCCCC1
1065,-2.3,Nc2ccc(cc2)Cc1ccc(N)cc1
1066,-2.31,CCCCCC(OCC)=O
1067,-2.33,O=N(c(cccc1)c1C)=O
1068,-2.33,CCOc1ccccc1
1069,-2.34,CNC(Oc1cc(N=CN(C)C)ccc1)=O
1070,-2.36,CNC(Oc1ccc(c(C)c1)N(C)C)=O
1071,-2.36,CC(Nc1nnc(S(N)(=O)=O)s1)=O
1072,-2.37,Nc1ccc(N(=O)=O)cc1
1073,-2.38,Fc1c(F)cc(F)c(F)c1
1074,-2.39,Cc1cscc1
1075,-2.39,CCCCCCCCO
1076,-2.4,COc2c1occc1c(c3c2OC(C)=CC3=O)OC
1077,-2.41,CC(C)(c1ccc(O)cc1)C
1078,-2.42,Oc1c(nccc2)c2ccc1
1079,-2.46,CC(OCCCCCC)=O
1080,-2.49,CC1CCC(C(C)C)C(C1)=O
1081,-2.49,Cc1ccc(N(=O)=O)cc1
1082,-2.51,CC(C)(Cl)CC
1083,-2.52,OC(c2ccccc2)Cc1ccccc1
1084,-2.53,CC(C(CCC(C)C1)C1O)C
1085,-2.54,ClC(Cl)=C(Cl)Cl
1086,-2.55,Brc1ccccc1
1087,-2.55,OC(c2ccccc2)c1ccccc1
1088,-2.57,O=C(N(OC)C)Nc1ccc(Cl)cc1
1089,-2.57,NC(CC)Cc2c[nH]c1ccccc12
1090,-2.57,NC(Cc1ccc(O)cc1)C(O)=O
1091,-2.59,Oc1c(ccc(O)c1)CCCCCC
1092,-2.59,CCCCC(CCCC)=O
1093,-2.6,CC(C(N(Cl)C1=O)=O)(N1Cl)C
1094,-2.6,Cc1ccc(C(O)=O)cc1
1095,-2.61,O=C2NC(c1ccccc12)=O
1096,-2.63,OC(C(CC3CC4)N4CC3CC)c1ccnc2c1cccc2
1097,-2.63,ClC(CC)CC
1098,-2.64,O=C(N1)NC(C(CC)(C3=CC2CCC(C3)C2)C1=O)=O
1099,-2.64,O=C(NCN1)C(c2ccccc2)(CC)C1=O
1100,-2.67,O=C(c1ccccc1)OCCC
1101,-2.68,ClC(Cl)C(N2)Nc1cc(Cl)c(S(N)(=O)=O)cc1S2(=O)=O
1102,-2.68,BrC(CC)(CC)C(NC(N)=O)=O
1103,-2.7,OC(C1)(COc3c2ccc(O)c3O)C2=C(C=C4O)C1=CC4=O
1104,-2.7,O=S(Nc1ccccn1)(c2ccc(N)cc2)=O
1105,-2.71,S=C1C=Nc(cncn2)c2N1
1106,-2.75,CCCCCCCCN
1107,-2.77,CCc1ccccc1
1108,-2.77,Cc1ccc(C)cc1
1109,-2.78,O=C2c3c(ccc(O)c3O)C(c1ccccc12)=O
1110,-2.78,Ic1ccccc1
1111,-2.8,OC(c1ccc(N(=O)=O)cc1)=O
1112,-2.82,Cc1cnc(NS(=O)(c2ccc(cc2)N)=O)nc1
1113,-2.82,CC(c2ccc(O)cc2)(C)c1ccc(O)cc1
1114,-2.82,C=Cc1ccccc1
1115,-2.85,OC(c2ccccc2)C(c1ccccc1)=O
1116,-2.86,Clc(cc1C)ccc1N=CN(C)C
1117,-2.88,CNc(cccc1)c1C(O)=O
1118,-2.92,c1(NNc2ccccc2)ccccc1
1119,-2.96,O=C(O)COc(cc(Cl)c(Cl)c1)c1Cl
1120,-2.97,O=C1CCC2(C)C(CCC3C2C(O)CC4(C)C3CCC4(O)C(CO)=O)=C1
1121,-2.98,CCN1C=C(C(c2c1nc(N3CCNCC3)nc2)=O)C(O)=O
1122,-2.99,O=C1C=CC2(C)C(C(C)CC3C2C(O)CC4(C)C3CCC4(O)C(CO)=O)=C1
1123,-3.03,O=S(NC(NCCC)=O)(c1ccc(Cl)cc1)=O
1124,-3.03,O=C(C(C)=C1)c(cccc2)c2C1=O
1125,-3.04,ClC(F)(F)C(Cl)(Cl)F
1126,-3.04,Clc1cc(Cl)ccc1
1127,-3.04,c1(cccc2)c2CCC1
1128,-3.08,CC(Nc1ccc(Br)cc1)=O
1129,-3.08,Cc1ccc(Cl)cc1
1130,-3.08,O=C(O)Cc(c(Cl)ccc1Cl)c1Cl
1131,-3.1,C1CCCCC1
1132,-3.12,O=C(c2ccccc2)c1ccccc1
1133,-3.12,O=C1N(c2ccccc2)N=CC(N)=C1Br
1134,-3.16,O=C(c(cccc1)c1O)OCCC(C)C
1135,-3.17,CCCCCCCCC=O
1136,-3.19,Brc1ccc(C)cc1
1137,-3.19,Brc(cccc1)c1Cl
1138,-3.21,CC(CC=CC=CC=CC=CC(OC4OC(C)C(O)C(N)C4O)CC(C(C(O)=O)C(O)C3)OC3(O)CC(O)CC(O2)C2C=C1)OC1=O
1139,-3.21,O=C1C=CC2(C)C(CCC3C2C(O)CC4(C)C3CCC4(O)C(CO)=O)=C1
1140,-3.22,O=C(NCC2)N2c1ncc(N(=O)=O)s1
1141,-3.24,CC(C)CC=C
1142,-3.27,Clc1ccc(Cl)cc1
1143,-3.27,CC(CCC1C(N(c3ccccc3)N(c2ccccc2)C1=O)=O)=O
1144,-3.28,Oc1c(c2c(cc1)CC3(C45))OC(C24CCN3C)(C(C=C5)O)
1145,-3.29,CCC2NC(c1cc(S(N)(=O)=O)c(cc1N2)Cl)=O
1146,-3.3,CCCCCCCCOC(N)=O
1147,-3.35,O=C(SCCC)N(CCCC)CC
1148,-3.38,CC(c(cc(N(=O)=O)cc1N(=O)=O)c1O)CC
1149,-3.38,O=C(OC(C)C)Nc1cccc(Cl)c1
1150,-3.39,O=C(OCC)CCCCCCC
1151,-3.4,O=C(SCC)N(C1CCCCC1)CC
1152,-3.46,O=C(N3CCCCC3)C=CC=Cc1cc(OCO2)c2cc1
1153,-3.46,Ic1c([nH]c(I)c1I)I
1154,-3.54,Brc1cc(Br)ccc1
1155,-3.54,CC(C)c1ccc(NC(N(C)C)=O)cc1
1156,-3.55,O=C(O)CCCCCCCCCC
1157,-3.59,OC(CC1CCC2C3CC4)CCC1(C)C2C(O)CC3(C)C4=O
1158,-3.62,Oc(c(O)c3)ccc3C2CC(c1c(O)cc(O)cc1O2)=O
1159,-3.66,COc1c(OC3=O)c(C=C3)cc2c1occ2
1160,-3.66,c1ccc2OC(=O)C(C(C(=O)OCC)C3=C(O)c4ccccc4OC3=O)=C(O)c2c1
1161,-3.66,O=C(c(cc(S(N)(=O)=O)c(Cl)c2)c2NCc1ccco1)O
1162,-3.66,CC(C)(c1ccccc1)C
1163,-3.67,c12ccccc1nc3c(cccc3)c2
1164,-3.68,CC(CC)CC
1165,-3.68,O=C(SCC)N(CC(C)C)CC(C)C
1166,-3.68,S=P(OC)(OC)Oc1ccc(N(=O)=O)cc1
1167,-3.68,Nc1ccc(c3nc2ccc(C)cc2s3)cc1
1168,-3.7,CCCCOc2cc(C(NCCN(CC)CC)=O)c1ccccc1n2
1169,-3.7,Cc1c(cccc2)c2ccc1
1170,-3.74,O=S(Nc1nnc(C(C)(C)C)s1)(c2ccc(cc2)N)=O
1171,-3.75,O=C1CCC2(C)C(CCC3C2CCC4(C)C3CCC4C(CO)=O)=C1
1172,-3.76,Clc1nc(C(Cl)(Cl)Cl)ccc1
1173,-3.77,CC(c1ccc(C)cc1)C
1175,-3.78,Cc1c(C)c(Nc2c(C(O)=O)cccc2)ccc1
1176,-3.8,O=C2CN=C(c3ccccc3)c1cc(N(=O)=O)ccc1N2
1177,-3.8,O=C(OCC)CCCCCCCC
1178,-3.8,CC(C(CCC(C(C)C)=C3)C3=CC1)(CCC2)C1C2(C)C(O)=O
1179,-3.8,Cc1cc(S(=O)(c2ccccc2)=O)ccc1NS(=O)(C(F)(F)F)=O
1180,-3.82,CCCCC=CC
1181,-3.84,CCCCCC
1182,-3.85,C1C(=O)C=C2CCC3C4CCC(C(=O)CO)C4(C5O)CC(O5)C3C2(C)C1
1183,-3.85,CC1CCCCC1
1184,-3.88,COC(=O)Nc2nc1ccc(cc1[nH]2)C(=O)c3ccccc3
1185,-3.89,CC(CC(c1ccccc1)C(C2=O)=C(c(cccc3)c3O2)O)=O
1186,-3.9,S=C(SSC(N(C)C)=S)N(C)C
1187,-3.9,CC(N(C(Nc1ccc(Cl)cc1)=O)C)C#C
1188,-3.94,CN2c1ccccc1Sc3c2cc(CC(O)=O)cc3
1189,-3.95,OC1CCC2(C)C(CCC3C2CC(O)C4(C)C3CCC4C(C)CCC(O)=O)C1
1190,-3.96,c1(Oc2ccccc2)ccccc1
1191,-3.99,CCCCCCCCl
1192,-3.99,O=C1CCC2(C)C(CCC3C2CCC4(C)C3CCC4(C)O)=C1
1193,-4.0,Cc(c(C)cc(C)c1C)c1C
1194,-4.0,O=C1CCC4(C)C(CCC3C(CCC2(O)C(COC(C)=O)=O)C2(C)CC(C34)=O)=C1
1195,-4.0,Clc(c(Cl)ccc1)c1Cl
1196,-4.04,S=P(OC)(OC)Oc1cc(C)c(N(=O)=O)cc1
1197,-4.06,CCCCc1ccccc1
1198,-4.07,Brc1ccc(Br)cc1
1199,-4.1,CC(C)Nc1nc(NC(C)C)nc(SC)n1
1200,-4.11,S=P(OCC)(OCC)SCSCC
1201,-4.11,COc2ccc1C(C3N(CCc5c3cc4OCOc4c5)C)OC(c1c2OC)=O
1202,-4.13,O=C1C=CC2(C)C(CCC3C2(F)C(O)CC4(C)C3CC(OC(C)=O)C4(O)C(COC(C)=O)=O)=C1
1203,-4.15,C1CCCCCCC1
1204,-4.16,CN2S(c1ccccc1C(O)=C2C(Nc3ncccc3)=O)(=O)=O
1205,-4.17,OC(c1cccnc1Nc2cccc(C(F)(F)F)c2)=O
1206,-4.23,ClC(=C(C=C(Cl)Cl)Cl)Cl
1207,-4.26,CC(N(C)C)CN1c3c(cccc3)Sc2c1cccc2
1208,-4.28,O=C1CCC2(C)C(CC(SC(C)=O)C3C2CCC4(C)C3CCC45OC(CC5)=O)=C1
1209,-4.28,Oc1c(Cl)c(Cl)c(Cl)c(Cl)c1Cl
1211,-4.29,CCc1cc(cccc2)c2cc1
1212,-4.3,Oc1cc(CCC3C2CCC4(C)C3CCC4(C#C)O)c2cc1
1213,-4.3,CN(C)CCCN1c3c(cccc3)Sc2c1cccc2
1214,-4.31,COP(OC)(Oc1c(Cl)cc(N(=O)=O)cc1)=S
1215,-4.32,O=C1C=CC2(C)C(CCC3C2(F)C(O)CC4(C)C3CC5C4(OC(C)(C)O5)C(CO)=O)=C1
1216,-4.38,c1(cccc3)c3sc2c1cccc2
1217,-4.38,OC(c2c(Cl)cccc2)(c3cncnc3)c1ccc(Cl)cc1
1218,-4.42,O=C(C(c(cc(OC)c(OC)c4)c4OC3)C3O2)c1c2c(CC(C(C)=C)O5)c5cc1
1219,-4.43,CCC(c1ccc(cc1)O)C(c2ccc(O)cc2)CC
1220,-4.43,O=C(CCCN2CCC(c3ccc(Cl)cc3)(O)CC2)c1ccc(F)cc1
1221,-4.43,CCCCCCCBr
1222,-4.46,CN(CCC=C2c1ccccc1CCc3c2cccc3)C
1223,-4.47,O=N(c(c(C)c1N(=O)=O)c(c(C(C)(C)C)c1)OC(C)=O)=O
1224,-4.48,Clc1cc(Cl)cc(Cl)c1
1225,-4.48,CC1(CC(C)CC1)C
1226,-4.52,FC(F)(F)c4cc1c(cc4)Sc3c(cccc3)N1CCCN2CCN(C)CC2
1227,-4.53,O=C(OC(C)C)C(c2ccc(Cl)cc2)(O)c1ccc(Cl)cc1
1228,-4.57,S=P(OC)(OC)Oc1cc(C)c(SC)cc1
1229,-4.58,CC2(C=C3)C(C(O)C1)C(CCC2=CC3=O)C(CC4)C1(C)C4(O)C(COC(C(C)(C)C)=O)=O
1230,-4.61,O=C1c(cccc2)c2N=C(c3ccccc3)O1
1231,-4.62,c1(CCc2ccccc2)ccccc1
1232,-4.63,CC(C2C(COC(C)=O)=O)(CC1)C(CC2)C(CCC3=CC4=O)C1C3(CC4)C
1233,-4.65,OC(C4)CCC1(C)C4=CCC2C1CCC3(C)C2CCC3C(C)=O
1234,-4.72,Cc1cc(cccc2)c2cc1C
1235,-4.73,Oc2c3c(cccc3)cc1ccccc12
1236,-4.79,CC(=O)OC3(CCC4C2CCC1=CC(=O)CCC1C2CCC34C)C#C
1237,-4.82,Clc1cc(Cl)c(OP(OC)(OC)=S)nc1Cl
1238,-4.84,CC34CCC2c1c(CCC2C3CCC4O)cc(O)cc1
1239,-4.88,O=C(SCC(Cl)=C(Cl)Cl)N(C(C)C)C(C)C
1240,-4.89,O=C(N(C)C)Nc1ccc(Oc2ccc(Cl)cc2)cc1
1241,-4.89,Cc2cc1ccc(C)cc1cc2
1242,-4.91,ClC(C(Cl)=C(Cl)Cl)=C(Cl)Cl
1243,-5.16,NS(c1cc(N(=O)=O)c(N(CCC)CCC)c(N(=O)=O)c1)(=O)=O
1244,-5.2,Clc1ccc(c2ccccc2)cc1
1245,-5.21,CCCCCCc1ccccc1
1246,-5.24,Oc1cc(ccc3c2CCC4(C)C3CCC4=O)c2cc1
1247,-5.24,O=C(OCc2cccc(Oc3ccccc3)c2)C1C(C=C(C)C)C1(C)C
1248,-5.26,c1(c(cccc3)c3cc2)c2cccc1
1249,-5.38,CC(c1c(O2)cc(OP(OCC)(OCC)=S)cc1)=C(C2=O)Cl
1250,-5.46,OC1C=CC2C1C3(C(Cl)=C(C2(C3(Cl)Cl)Cl)Cl)Cl
1251,-5.64,N#Cc1c(Cl)c(Cl)c(Cl)c(C#N)c1Cl
1252,-5.68,O=N(=O)c1cc(C(F)(F)F)cc(N(=O)=O)c1N(CCC)CCC
1253,-5.74,S=P(OCC)(OCC)SCSc1ccc(Cl)cc1
1254,-5.8,Clc1cccc(c2cc(Cl)ccc2)c1
1255,-5.89,Cc1c(cccc3)c3cc2c1cccc2
1256,-5.96,c12c3c4ccc1CCCc2ccc3CCC4
1257,-6.02,Clc1cc(c2ccccc2Cl)c(Cl)cc1
1258,-6.09,S=P(OC)(OC)Oc(cc(Cl)c(Br)c1)c1Cl
1259,-6.18,ClC1(C2C4C5C(O5)C(C4)C23)C(Cl)=C(Cl)C3(Cl)C1(Cl)Cl
1260,-6.21,Clc1ccc(c2ccc(cc2Cl)Cl)cc1
1261,-6.29,ClC(C(Cl)=C1Cl)(C2C(O4)C4C(Cl)C23)C(Cl)(Cl)C13Cl
1262,-6.29,CC1(C)C(C=C(Cl)Cl)C1C(OCc2cccc(Oc3ccccc3)c2)=O
1263,-6.29,Clc1ccc(Cl)c(c2ccccc2)c1Cl
1264,-6.32,ClC1(C(Cl)=C2Cl)C(C3Cl)C(C=C3)C2(Cl)C1(Cl)Cl
1265,-6.51,Clc(cc(Cl)cc2)c2c1ccc(Cl)cc1Cl
1266,-6.62,ClC(Cl)(Cl)C(c1ccc(Cl)cc1)c(cccc2)c2Cl
1267,-6.7,O=P(Oc1ccc(O)cc1C)(Oc2cc(O)ccc2C)Oc3c(O)cccc3C
1268,-6.81,CCCCCCCCCCCCCCCC(O)=O
1269,-6.89,ClC(Cl)(Cl)C(c2ccc(OC)cc2)c1ccc(OC)cc1
1270,-6.96,O=C(OCC(CC)CCCC)c1ccccc1C(OCC(CC)CCCC)=O
1271,-7.0,Clc(ccc(Cl)c2)c2c1cc(Cl)ccc1Cl
1272,-7.05,Clc2c(ccc(Cl)c2Cl)c1c(Cl)c(Cl)ccc1
1273,-7.16,Clc(c(Cl)c(Cl)c(Cl)c2)c2c1ccccc1
1274,-7.26,CCCCCCCCCCCCCCCCO
1275,-7.33,ClC12C3C(C4C=CC3C4)C(C2(Cl)Cl)(Cl)C(Cl)=C1Cl
1276,-7.8,c12c3c4c5c(cccc5)c1cccc2ccc3ccc4
1277,-7.91,Clc1ccc(Cl)c(c2ccc(Cl)c(Cl)c2Cl)c1
1278,-8.04,c1(cc(cccc4)c4c3)c3Cc2c1cccc2
1279,-8.06,c12c(ccc3c2ccc4c3cccc4)cccc1
1280,-8.3,Clc1c(Cl)c(Cl)ccc1c2c(Cl)c(Cl)c(Cl)cc2Cl
1281,-8.32,Clc1c(Cl)cc(Cl)c(c2ccc(Cl)c(Cl)c2Cl)c1
1282,-8.42,Clc1c(Cl)c(Cl)c(Cl)c(c2cccc(Cl)c2Cl)c1
1283,-8.49,c12c3c4c(cc(cccc5)c5c4)c1cccc2ccc3
1284,-8.6,c34cc2cc1ccccc1cc2cc3cccc4
1285,-8.65,Clc1ccc(Cl)c(c1Cl)c2c(Cl)ccc(Cl)c2Cl
1286,-8.66,c12c(cccc3)c3ccc1cc4c(ccc5c4cccc5)c2
1287,-9.03,c1(c(cc6)ccc3ccc4ccc5)c3c4c5c2c1c6ccc2
1288,-10.26,Clc1c(c2cc(Cl)c(Cl)c(Cl)c2Cl)c(Cl)c(Cl)c(Cl)c1Cl
1289,-10.41,Clc(c(Cl)c(Cl)c(Cl)c2Cl)c2c1c(Cl)c(Cl)cc(Cl)c1Cl
1290,-7.89,Clc1cc(c2cc(Cl)c(cc2Cl)Cl)c(Cl)cc1
1291,-2.32,Nc1ccc(C(OCC)=O)cc1
1292,-1.61,O=C(C)Oc1c(C(O)=O)cccc1
1293,-1.37,O=C(N1C)c(nc[nH]2)c2N(C)C1=O
1294,0.39,CN1C(C)=CC(N1c2ccccc2)=O
1295,-3.55,CCNc1nc(NC(C)C)nc(Cl)n1
1296,-2.34,O=C(C(CC)(C2=O)c1ccccc1)NC(N2)=O
1297,-3.76,O=C(N(C)C)Nc1cc(Cl)c(Cl)cc1
1298,-3.38,O=C(N2)N(CC2=O)N=Cc1ccc(N(=O)=O)o1
1299,-3.99,O=C(NC(N3)=O)C3(c2ccccc2)c1ccccc1
1300,-3.76,O=C1CN=C(c3ccccc3)c2c(ccc(Cl)c2)N1C
1301,-4.07,CC12C(CCC3C2CCC4(C)C3CCC4O)=CC(CC1)=O
1303,-4.29,S=P(OCC)(OCC)Oc1ccc(N(=O)=O)cc1
1304,-3.76,S=P(OCC)(OCC)Oc1nc(C(C)C)nc(C)c1
1305,-2.9,Oc(cc2)ccc2C3(c(cccc4)c4C(O3)=O)c1ccc(O)cc1
1306,-3.36,O=C(OCC)C(CC(OCC)=O)SP(OC)(OC)=S
1307,-5.67,S=P(Oc1nc(Cl)c(Cl)cc1Cl)(OCC)OCC
1308,-2.47,CCCCCC(O)C=CC1C(O)CC(C1CC=CCCCC(O)=O)=O
1309,-8.08,Clc1ccc(C(c2ccc(Cl)cc2)C(Cl)(Cl)Cl)cc1
1310,-6.86,ClC2(C3(Cl)Cl)C(Cl)=C(Cl)C3(Cl)C1C(Cl)C(Cl)CC12
0,-0.77,OCC3OC(OCC2OC(OC(C#N)c1ccccc1)C(O)C(O)C2O)C(O)C(O)C3O 
1,-3.3,Cc1occc1C(=O)Nc2ccccc2
2,-2.06,CC(C)=CCCC(C)=CC(=O)
3,-7.87,c1ccc2c(c1)ccc3c2ccc4c5ccccc5ccc43
4,-1.33,c1ccsc1
5,-1.5,c2ccc1scnc1c2 
6,-7.32,Clc1cc(Cl)c(c(Cl)c1)c2c(Cl)cccc2Cl
7,-5.03,CC12CCC3C(CCc4cc(O)ccc34)C2CCC1O
8,-6.29,ClC4=C(Cl)C5(Cl)C3C1CC(C2OC12)C3C4(Cl)C5(Cl)Cl
9,-4.42,COc5cc4OCC3Oc2c1CC(Oc1ccc2C(=O)C3c4cc5OC)C(C)=C 
11,-4.14,Clc1ccc2ccccc2c1
12,-2.68,CCCC=C
13,-2.64,CCC1(C(=O)NCNC1=O)c2ccccc2
14,-7.96,CCCCCCCCCCCCCC
15,-1.41,CC(C)Cl
16,-0.47,CCC(C)CO
18,-3.64,CCOP(=S)(OCC)Oc1cc(C)nc(n1)C(C)C
19,-2.94,CCCCCCCCCC(C)O
20,-7.43,Clc1ccc(c(Cl)c1)c2c(Cl)ccc(Cl)c2Cl 
21,-4.5939999999999985,O=c2[nH]c1CCCc1c(=O)n2C3CCCCC3
22,-4.11,CCOP(=S)(OCC)SCSCC
23,-2.35,CCOc1ccc(NC(=O)C)cc1
24,-5.47,CCN(CC)c1c(cc(c(N)c1N(=O)=O)C(F)(F)F)N(=O)=O
26,-1.39,Cn1c(=O)n(C)c2nc[nH]c2c1=O
27,-1.661,CCCCC1(CC)C(=O)NC(=O)NC1=O
28,-6.9,ClC(Cl)=C(c1ccc(Cl)cc1)c2ccc(Cl)cc2
29,-3.17,CCCCCCCC(=O)OC
31,-4.755,CCOP(=S)(OCC)SCSC(C)(C)C
32,-4.805,COC(=O)Nc1cccc(OC(=O)Nc2cccc(C)c2)c1
33,-1.64,ClC(=C)Cl
34,-5.22,Cc1cccc2c1Cc3ccccc32
36,-3.504,N(c1ccccc1)c2ccccc2
37,-3.927,CN(C)C(=O)SCCCCOc1ccccc1
38,-4.15,CCCOP(=S)(OCCC)SCC(=O)N1CCCCC1C
40,-4.88,c1c(Cl)cccc1c2ccccc2
41,-0.15,OCCCC=C
42,-1.655,O=C2NC(=O)C1(CCC1)C(=O)N2
43,-2.53,CC(C)C1CCC(C)CC1O 
44,-0.63,CC(C)OC=O
45,-1.55,CCCCCC(C)O
46,-3.083,CC(=O)Nc1ccc(Br)cc1
47,-3.127,c1ccccc1n2ncc(N)c(Br)c2(=O)
48,-4.76,COC(=O)C1=C(C)NC(=C(C1c2ccccc2N(=O)=O)C(=O)OC)C 
49,-1.94,c2c(C)cc1nc(C)ccc1c2 
50,-3.66,CCCCCCC#C
51,-2.17,CCC1(C(=O)NC(=O)NC1=O)C2=CCCCC2 
52,-8.057,c1ccc2c(c1)ccc3c4ccccc4ccc23
53,-2.523,CCC(C)n1c(=O)[nH]c(C)c(Br)c1=O 
54,-8.6,Clc1cccc(c1Cl)c2c(Cl)c(Cl)cc(Cl)c2Cl 
55,-0.62,Cc1ccccc1O
56,-5.05,CC(C)CCC(C)(C)C
57,-4.14,Cc1ccc(C)c2ccccc12
58,-6.57,Cc1cc2c3ccccc3ccc2c4ccccc14
59,-0.19,CCCC(=O)C
60,-9.15,Clc1cc(Cl)c(Cl)c(c1Cl)c2c(Cl)c(Cl)cc(Cl)c2Cl 
61,-0.82,CCCOC(=O)CC
62,-3.68,CC34CC(O)C1(F)C(CCC2=CC(=O)C=CC12C)C3CC(O)C4(O)C(=O)CO
64,-2.81,O=C(Cn1ccnc1N(=O)=O)NCc2ccccc2
65,-5.931,OC4=C(C1CCC(CC1)c2ccc(Cl)cc2)C(=O)c3ccccc3C4=O
66,-4.06,CCNc1nc(Cl)nc(n1)N(CC)CC
67,-0.667,NC(=O)c1cnccn1
68,-2.68,CCC(Br)(CC)C(=O)NC(N)=O
69,-5.27,Clc1ccccc1c2ccccc2Cl 
70,-3.38,O=C2CN(N=Cc1ccc(o1)N(=O)=O)C(=O)N2 
71,-5.46,Clc2ccc(Oc1ccc(cc1)N(=O)=O)c(Cl)c2
72,-1.96,CC1(C)C2CCC1(C)C(=O)C2
73,-2.369,O=C1NC(=O)NC(=O)C1(CC=C)c1ccccc1
74,-2.25,CCCCC(=O)OCC
75,-1.92,CC(C)CCOC(=O)C
76,-5.886,O=C1N(COC(=O)CCCCC)C(=O)C(N1)(c2ccccc2)c3ccccc3
77,-6.01,Clc1cccc(c1)c2cc(Cl)ccc2Cl 
78,-1.73,CCCBr
79,-3.4930000000000003,CCCC1COC(Cn2cncn2)(O1)c3ccc(Cl)cc3Cl
80,-1.995,COP(=S)(OC)SCC(=O)N(C)C=O
81,-0.466,Cc1ncnc2nccnc12
82,0.32,NC(=S)N
84,-3.28,CCc1ccccc1CC
86,-6.876,CC(C)C(C(=O)OC(C#N)c1cccc(Oc2ccccc2)c1)c3ccc(OC(F)F)cc3
87,-0.8,CCCN(=O)=O
88,-2.35,CC(C)C1CCC(C)CC1=O
89,-5.36,CCN2c1cc(Cl)ccc1NC(=O)c3cccnc23 
90,-3.48,O=N(=O)c1c(Cl)c(Cl)ccc1
91,-3.46,CCCC(C)C1(CC=C)C(=O)NC(=S)NC1=O 
92,-6.0,c1ccc2c(c1)c3cccc4cccc2c34
94,-4.29,Cc1cc(C)c2ccccc2c1
95,-4.07,CCC(=C(CC)c1ccc(O)cc1)c2ccc(O)cc2 
96,-5.64,c1(C#N)c(Cl)c(C#N)c(Cl)c(Cl)c(Cl)1
97,-7.25,Clc1ccc(Cl)c(c1)c2ccc(Cl)c(Cl)c2
98,-1.6,C1OC1c2ccccc2 
100,-3.45,CC12CCC3C(CCC4=CC(=O)CCC34C)C2CCC1C(=O)CO
101,-5.43,c2(Cl)c(Cl)c(Cl)c1nccnc1c2(Cl) 
102,0.39,C1OC(O)C(O)C(O)C1O
103,-0.63,ClCCl
104,-4.17,CCc1cccc2ccccc12
105,0.58,COC=O
107,-1.506,Cc1c[nH]c(=O)[nH]c1=O 
108,-2.55,CC(C)C
109,-1.23,OCC1OC(C(O)C1O)n2cnc3c(O)ncnc23
111,-4.7,Oc1ccc(Cl)cc1C(=O)Nc2ccc(cc2Cl)N(=O)=O
113,0.0,c1ccccc1O
114,-5.17,Nc3ccc2cc1ccccc1cc2c3 
115,-2.523,Cn1cnc2n(C)c(=O)[nH]c(=O)c12 
116,-1.45,c1ccc2cnccc2c1
117,-4.432,COP(=S)(OC)SCC(=O)N(C(C)C)c1ccc(Cl)cc1
119,-4.54,Clc1ccccc1c2ccccc2
120,-3.03,CCCC(=C)C
121,-4.8,CC(C)C(C)C(C)C
122,-5.65,Clc1cc(Cl)c(Cl)c(Cl)c1Cl
123,-1.01,Oc1cccc(c1)N(=O)=O
124,-5.51,CCCCCCCCC=C
125,-0.6,CC(=O)OCC(COC(=O)C)OC(=O)C
126,-2.24,CCCCc1c(C)nc(nc1O)N(C)C 
127,-7.3370000000000015,CC1(C)C(C=C(Cl)Cl)C1C(=O)OC(C#N)c2ccc(F)c(Oc3ccccc3)c2
128,0.76,c1ccncc1
130,0.36,Cc1ccncc1C
131,-3.43,CC34CC(O)C1(F)C(CCC2=CC(=O)CCC12C)C3CCC4(O)C(=O)CO 
132,-2.09,CCSCc1ccccc1OC(=O)NC 
133,-0.82,CCOC(=O)CC(=O)OCC
134,-4.26,CC1=CCC(CC1)C(C)=C
135,-3.04,C1Cc2ccccc2C1
136,-2.41,CC(C)(C)c1ccc(O)cc1
137,-1.886,O=C2NC(=O)C1(CC1)C(=O)N2 
138,-3.55,Clc1cccc(I)c1
139,-4.35,Brc1cccc2ccccc12
140,-2.54,CC/C=C/C
141,0.45,Cc1cccc(C)n1
142,-1.96,ClC=C(Cl)Cl
143,-1.92,Nc1cccc2ccccc12
144,-2.82,Cc1cccc(C)c1
145,-1.947,Oc2ncc1nccnc1n2
146,1.57,CO
147,-2.468,CCC1(CCC(C)C)C(=O)NC(=O)NC1=O
148,0.52,CCC(=O)C
149,-1.077,Fc1c[nH]c(=O)[nH]c1=O 
150,-1.95,Nc1ncnc2n(ccc12)C3OC(CO)C(O)C3O 
151,0.81,Oc1cccc(O)c1
155,-0.72,CCCOC(=O)C
156,-1.99,Oc2ccc1CCCCc1c2 
157,-0.02,NC(=O)CCl 
158,-6.62,COP(=S)(OC)Oc1cc(Cl)c(I)cc1Cl
160,-2.253,CSc1nnc(c(=O)n1N)C(C)(C)C
161,-6.01,Cc1ccc(OP(=O)(Oc2cccc(C)c2)Oc3ccccc3C)cc1
163,-3.082,CCCCOC(=O)c1ccc(N)cc1
164,-3.043,O2c1cc(C)ccc1N(C)C(=O)c3cc(N)cnc23 
165,-2.46,CC(C)=CCC/C(C)=C\CO
166,-5.28,Clc1ccc(cc1)c2ccccc2Cl 
167,-6.523,O=C1N(COC(=O)CCCCCCC)C(=O)C(N1)(c2ccccc2)c3ccccc3
168,-0.22,CCN(=O)=O
169,-6.124,CCN(CC(C)=C)c1c(cc(cc1N(=O)=O)C(F)(F)F)N(=O)=O
170,-4.57,Clc1ccc(Cl)c(Cl)c1Cl
171,-1.807,CCCC(C)(COC(N)=O)COC(N)=O 
172,-4.65,CC(=O)C3CCC4C2CC=C1CC(O)CCC1(C)C2CCC34C 
174,-1.13,CC1CC(C)C(=O)C(C1)C(O)CC2CC(=O)NC(=O)C2 
175,-6.301,O=C1N(COC(=O)CCCCCC)C(=O)C(N1)(c2ccccc2)c3ccccc3
176,-1.06,CC1=CC(=O)CC(C)(C)C1 
177,-2.39,O=C1NC(=O)NC(=O)C1(CC)C(C)CC
178,-2.58,CCCCC(=O)CCCC
179,-2.337,CCC1(CCC(=O)NC1=O)c2ccccc2 
180,-3.68,CCC(C)CC
181,-8.6,CCOc1ccc(cc1)C(C)(C)COCc3cccc(Oc2ccccc2)c3
182,-2.925,Cc1ccccc1n3c(C)nc2ccccc2c3=O
183,-0.092,ClCC#N
184,-5.752000000000002,CCOP(=S)(CC)Oc1cc(Cl)c(Cl)cc1Cl
185,-5.66,CC12CCC(=O)C=C1CCC3C2CCC4(C)C3CCC4(O)C#C 
186,1.1,c1ccnnc1
187,-4.63,Clc1cc(Cl)c(Cl)c(Cl)c1
188,-7.32,C1C(O)CCC2(C)CC3CCC4(C)C5(C)CC6OCC(C)CC6OC5CC4C3C=C21
189,-0.72,Nc1ccccc1O
190,-3.8,CCCCCCCCC(=O)OCC
191,-1.601,COCC(=O)N(C(C)C(=O)OC)c1c(C)cccc1C 
192,-2.05,CNC(=O)Oc1ccccc1OC(C)C
193,-1.96,CCC(C)Cl
194,-2.28,Oc1ccc2ccccc2c1
195,-5.6960000000000015,CC(C)Oc1cc(c(Cl)cc1Cl)n2nc(oc2=O)C(C)(C)C
196,-2.36,CCCCC#C
197,-4.24,CCCCCCCC#C
198,-3.52,Cc1ccccc1Cl
200,-3.094,Nc1ccc(cc1)S(=O)(=O)c2ccc(N)cc2
202,-0.41,CC#C
203,-4.862,CCOP(=S)(OCC)ON=C(C#N)c1ccccc1
204,-3.408,CCNP(=S)(OC)OC(=CC(=O)OC(C)C)C
206,-2.296,O=c1[nH]cnc2nc[nH]c12 
207,-2.16,Oc2ccc1ncccc1c2 
209,-1.47,CCCCl
210,-0.04,CCOC(=O)C
211,-4.36,CCCC(C)(C)C
212,-4.0,Cc1cc(C)c(C)c(C)c1C
213,-1.64,CC12CCC(CC1)C(C)(C)O2 
214,-3.896,CCCCOC(=O)CCCCCCCCC(=O)OCCCC
215,-6.56,Clc1ccc(cc1)c2ccc(Cl)cc2 
216,0.38,Cc1cccnc1C
217,-2.06,CC(=C)C1CC=C(C)C(=O)C1
218,-5.7360000000000015,CCOP(=S)(OCC)SCSc1ccc(Cl)cc1
219,-3.571,COc1cc(cc(OC)c1O)C6C2C(COC2=O)C(OC4OC3COC(C)OC3C(O)C4O)c7cc5OCOc5cc67
220,-8.804,c1cc2cccc3c4cccc5cccc(c(c1)c23)c54
221,-2.82,Cc1ccc(cc1N(=O)=O)N(=O)=O
222,-4.4,c1c(Br)ccc2ccccc12 
223,-2.34,CNC(=O)Oc1cccc(N=CN(C)C)c1
224,-1.139,COc2cnc1ncncc1n2
225,-3.19,Cc3ccnc4N(C1CC1)c2ncccc2C(=O)Nc34 
226,-3.658,CCOP(=S)(OCC)Oc1nc(Cl)n(n1)C(C)C
227,-2.03,CC(=C)C=C
228,-1.99,CC(C)=CCCC(O)(C)C=C
229,-4.57,COP(=S)(OC)Oc1ccc(SC)c(C)c1
231,-1.16,O=C1NC(=O)NC(=O)C1(C)CC=C
232,-4.16,CC34CCC1C(CCC2CC(O)CCC12C)C3CCC4=O
233,0.06,OCC(O)C(O)C(O)C(O)CO 
234,-4.62,Cc1ccc(cc1)c2ccccc2
235,-3.85,CCNc1nc(Cl)nc(NC(C)C)n1
236,-1.77,NC(=S)Nc1ccccc1
237,-1.3,CCCC(=O)CCC
238,-0.72,CC(=O)C(C)(C)C
241,-0.85,Cc1cccc(N)c1
242,-2.168,ClC(Cl)(Cl)C#N
243,-4.046,CNc2cnn(c1cccc(c1)C(F)(F)F)c(=O)c2Cl
244,-3.3,CCCCCCCCC(=O)C
245,-3.785,CCN(CC)c1nc(Cl)nc(NC(C)C)n1
246,-2.616,CCOC(=O)c1ccc(N)cc1
247,-3.59,Clc1ccc(Cl)c(Cl)c1
248,-4.09,Cc3nnc4CN=C(c1ccccc1Cl)c2cc(Cl)ccc2n34
249,0.62,Oc1ccccc1O
250,-2.62,CCN2c1ncccc1N(C)C(=O)c3cccnc23 
251,-0.45,CSC
252,-2.23,Cc1ccccc1Br
253,0.85,CCOC(=O)N
254,-5.35,CC(=O)OC3(CCC4C2C=C(C)C1=CC(=O)CCC1(C)C2CCC34C)C(C)=O 
256,-3.6,c1ccc2ccccc2c1
258,-4.097,O=C1NC(=O)C(N1)(c2ccccc2)c3ccccc3
259,-7.02,Cc1c2ccccc2c(C)c3ccc4ccccc4c13
260,-6.34,CCOP(=S)(OCC)SC(CCl)N1C(=O)c2ccccc2C1=O
261,-6.89,COc1ccc(cc1)C(c2ccc(OC)cc2)C(Cl)(Cl)Cl
262,-7.28,Fc1cccc(F)c1C(=O)NC(=O)Nc2cc(Cl)c(F)c(Cl)c2F 
263,-4.678,O=C1N(COC(=O)CCCC)C(=O)C(N1)(c2ccccc2)c3ccccc3
264,-2.89,CN(C)C(=O)Nc1ccc(Cl)cc1
265,-3.37,OC(Cn1cncn1)(c2ccc(F)cc2)c3ccccc3F
266,-4.13,CC(=O)OCC(=O)C3(O)C(CC4C2CCC1=CC(=O)C=CC1(C)C2(F)C(O)CC34C)OC(C)=O 
268,-6.98,Brc1cc(Br)c(Br)cc1Br
269,-0.74,CC(C)CC(=O)C
270,-3.4,CCSC(=O)N(CC)C1CCCCC1 
271,-2.78,COc1ccc(Cl)cc1
272,-8.402000000000001,CC1(C)C(C=C(Br)Br)C1C(=O)OC(C#N)c2cccc(Oc3ccccc3)c2
273,-2.016,CCC(C)C1(CC=C)C(=O)NC(=O)NC1=O
274,-4.04,COP(=S)(OC)Oc1ccc(N(=O)=O)c(C)c1
275,-4.55,Ic1cccc2ccccc12
276,1.09,OCC(O)C(O)C(O)C(O)CO
278,-1.48,ClCC(Cl)Cl
279,-2.09,CN(C)C(=O)Oc1cc(C)nn1c2ccccc2
280,-1.82,NC(=O)c1ccccc1O
281,-2.33,Cc1ccccc1N(=O)=O
282,-2.766,O=C1NC(=O)NC(=O)C1(C(C)C)C(C)C
283,-3.21,CCc1ccccc1C
285,-2.4,O=C1NC(=O)NC(=O)C1(CC)CC
286,-4.62,C(Cc1ccccc1)c2ccccc2
288,-5.153,CCN2c1cc(OC)cc(C)c1NC(=O)c3cccnc23 
289,-5.84,Cc1ccc2c(ccc3ccccc32)c1
290,-4.4,CCCCOC(=O)c1ccccc1C(=O)OCCCC 
291,-4.02,COc1c(O)c(Cl)c(Cl)c(Cl)c1Cl 
292,0.523,CCN(CC)C(=O)C(=CCOP(=O)(OC)OC)Cl
293,-5.282,CC34CCC1C(=CCc2cc(O)ccc12)C3CCC4=O
294,-4.5760000000000005,CCOC(=O)c1ccccc1S(=O)(=O)NN(C=O)c2nc(Cl)cc(OC)n2
295,-2.41,COc1ccc(cc1)N(=O)=O
296,-3.12,CCCCCCCl
297,-9.16,Clc1cc(c(Cl)c(Cl)c1Cl)c2cc(Cl)c(Cl)c(Cl)c2Cl
298,-0.41,OCC1OC(CO)(OC2OC(COC3OC(CO)C(O)C(O)C3O)C(O)C(O)C2O)C(O)C1O
299,-8.334,CCCCCCCCCCCCCCCCCCCCCCCCCC
300,-3.324,CCN2c1ccccc1N(C)C(=O)c3cccnc23 
303,-6.49,CCCN(CCC)c1c(cc(cc1N(=O)=O)C(C)C)N(=O)=O
305,-4.194,CCOP(=S)(NC(C)C)Oc1ccccc1C(=O)OC(C)C
306,-4.0,Clc1cccc(Cl)c1Cl
308,-3.2,O=N(=O)c1cc(Cl)c(Cl)cc1
309,-1.29,OC1CCCCCCC1
310,-3.999,CC1(O)CCC2C3CCC4=CC(=O)CCC4(C)C3CCC21C
311,-2.17,CCOc1ccc(NC(N)=O)cc1
312,-4.47,C/C1CCC(\C)CC1
313,-2.68,c1cnc2c(c1)ccc3ncccc23
314,-0.24,COC(C)(C)C
315,-3.13,COc1ccc(C=CC)cc1
317,-1.4880000000000002,O=c1cc[nH]c(=O)[nH]1 
318,-2.12,Nc1ncnc2nc[nH]c12 
319,-7.21,Clc1cc(Cl)c(cc1Cl)c2cccc(Cl)c2Cl 
320,-2.596,COc1ccc(cc1)C(O)(C2CC2)c3cncnc3 
321,-8.23,c1ccc2c(c1)c3cccc4c3c2cc5ccccc54
322,-3.15,O=C(Nc1ccccc1)Nc2ccccc2
323,-2.322,CCC1(C(=O)NC(=O)NC1=O)c2ccccc2 
324,-6.29,Clc1ccc(cc1)c2cccc(Cl)c2Cl 
325,-3.536,CC(C)c1ccc(NC(=O)N(C)C)cc1
326,-1.716,CCN(CC)C(=O)CSc1ccc(Cl)nn1
328,-1.75,CCCOC(=O)CCC
329,-3.22,Cc1c(cc(cc1N(=O)=O)N(=O)=O)N(=O)=O
330,-4.2,CC(C)OP(=S)(OC(C)C)SCCNS(=O)(=O)c1ccccc1
332,-0.49,CCCOC=O
333,-3.76,CC(C)c1ccccc1C
334,-1.37,Nc1cccc(Cl)c1
336,-4.6,o1c2ccccc2c3ccccc13
337,-3.42,CCOC2Oc1ccc(OS(C)(=O)=O)cc1C2(C)C
338,-3.43,CN(C)C(=O)Nc1cccc(c1)C(F)(F)F
339,-3.67,c3ccc2nc1ccccc1cc2c3
340,-3.11,CC12CC(=O)C3C(CCC4=CC(=O)CCC34C)C2CCC1(O)C(=O)CO
341,0.74,OCC1OC(O)C(O)C(O)C1O
342,-0.68,Cc1cccc(O)c1
343,-3.5860000000000003,CC2Cc1ccccc1N2NC(=O)c3ccc(Cl)c(c3)S(N)(=O)=O 
344,-6.005,CCC(C)C(=O)OC2CC(C)C=C3C=CC(C)C(CCC1CC(O)CC(=O)O1)C23 
345,-3.39,O=N(=O)c1ccc(cc1)N(=O)=O
346,-2.696,CCC1(C(=O)NC(=O)NC1=O)C2=CCC3CCC2C3
347,-4.1,CCCCCCCCCC(=O)OCC
348,-1.6,CN(C)C(=O)Nc1ccccc1
349,-0.66,CCCOCC
350,0.43,CC(C)O
351,-3.77,Cc1ccc2ccccc2c1
352,-1.9,ClC(Br)Br
353,-4.43,CCC(C(CC)c1ccc(O)cc1)c2ccc(O)cc2
354,-3.37,CCOC(=O)CC(SP(=S)(OC)OC)C(=O)OCC
356,0.32,C/C=C/C=O
357,-3.924,CON(C)C(=O)Nc1ccc(Br)c(Cl)c1
358,-6.57,Cc1c2ccccc2c(C)c3ccccc13
359,-1.87,CCCCCC(=O)OC
360,-4.328,CN(C)C(=O)Nc1ccc(c(Cl)c1)n2nc(oc2=O)C(C)(C)C
361,-1.78,CC(=O)Nc1ccc(F)cc1
362,-3.26,CCc1cccc(CC)c1N(COC)C(=O)CCl 
363,-2.59,C1CCC=CC1
364,-3.09,CC12CC(O)C3C(CCC4=CC(=O)CCC34C)C2CCC1(O)C(=O)CO
365,1.1,c1cncnc1
366,-2.92,Clc1ccc(cc1)N(=O)=O
367,-0.14,CCC(=O)OC
368,-2.55,Clc1ccccc1N(=O)=O
369,-4.77,CCCCN(C)C(=O)Nc1ccc(Cl)c(Cl)c1
370,-1.877,CN1CC(O)N(C1=O)c2nnc(s2)C(C)(C)C
373,-3.78,CC2Nc1cc(Cl)c(cc1C(=O)N2c3ccccc3C)S(N)(=O)=O 
374,-0.985,COc1ccccc1OCC(O)COC(N)=O
375,-4.19,CCCCOCN(C(=O)CCl)c1c(CC)cccc1CC 
376,-1.3,Oc1cccc(Cl)c1Cl
377,-1.92,CCCC(=O)OC
378,-3.0,CCC(=O)Nc1ccc(Cl)c(Cl)c1
379,-2.404,Nc3nc(N)c2nc(c1ccccc1)c(N)nc2n3
380,-2.35,CCCCCC(=O)OCC
381,-1.84,OCC(O)C2OC1OC(OC1C2O)C(Cl)(Cl)Cl 
382,-5.47,CN(C=Nc1ccc(C)cc1C)C=Nc2ccc(C)cc2C
383,-2.478,COc1nc(NC(C)C)nc(NC(C)C)n1
385,-1.21,Cc1ccc(N)cc1
386,-0.36,Nc1nccs1 
387,-1.803,c1ccccc1(OC(=O)NC)
388,-0.8,CCCC(O)CC
389,-4.73,c3ccc2c(O)c1ccccc1cc2c3 
390,-6.96,Cc1ccc2cc3ccccc3cc2c1
391,-3.2,Cc1cccc(C)c1C
392,-2.36,CNC(=O)Oc1ccc(N(C)C)c(C)c1
393,-2.74,CCCCCCCC(C)O
394,-3.35,CN(C(=O)NC(C)(C)c1ccccc1)c2ccccc2
395,-0.83,CCCC(=O)CC
396,-3.33,Oc1c(Br)cc(C#N)cc1Br 
397,-6.39,Clc1ccc(cc1Cl)c2ccccc2 
398,-4.873,CN(C(=O)COc1nc2ccccc2s1)c3ccccc3
399,-2.54,Oc1cccc2ncccc12 
400,-3.14,CC1=C(SCCO1)C(=O)Nc2ccccc2
401,-3.81,CCOc2ccc1nc(sc1c2)S(N)(=O)=O 
404,-2.23,CCC1(CC)C(=O)NC(=O)N(C)C1=O 
405,-4.63,CC(=O)OCC(=O)C3CCC4C2CCC1=CC(=O)CCC1(C)C2CCC34C 
406,-0.95,NC(=O)NCc1ccccc1 
407,-3.483,CN(C)C(=O)Nc1ccc(C)c(Cl)c1
408,-3.592,CON(C)C(=O)Nc1ccc(Cl)c(Cl)c1
409,-0.88,OC1CCCCCC1
410,-2.154,CS(=O)(=O)c1ccc(cc1)C(O)C(CO)NC(=O)C(Cl)Cl 
411,-3.36,CCCC(C)C1(CC)C(=O)NC(=S)NC1=O 
412,-2.36,CC(=O)Nc1nnc(s1)S(N)(=O)=O 
413,-0.74,Oc1ccc(cc1)N(=O)=O
414,-6.307,ClC1=C(Cl)C2(Cl)C3C4CC(C=C4)C3C1(Cl)C2(Cl)Cl
417,-7.28,Clc1cccc(c1Cl)c2cccc(Cl)c2Cl
418,-3.81,CCCCC1C(=O)N(N(C1=O)c2ccccc2)c3ccccc3 
419,-3.0,Cc1c(cccc1N(=O)=O)N(=O)=O
420,-4.42,CC(=O)C1CCC2C3CCC4=CC(=O)CCC4(C)C3CCC12C
421,-4.4110000000000005,CCN(CC)c1nc(Cl)nc(n1)N(CC)CC
422,-5.4,ClC(Cl)C(Cl)(Cl)SN2C(=O)C1CC=CCC1C2=O 
423,-4.5,c1(Br)c(Br)cc(Br)cc1
424,-3.952,OC3N=C(c1ccccc1)c2cc(Cl)ccc2NC3=O 
425,-2.356,O=C1NC(=O)NC(=O)C1(C(C)CCC)CC=C
426,-2.08,c1(O)c(C)ccc(C(C)C)c1
427,-1.77,C1SC(=S)NC1(=O)
428,-3.083,Oc1ccc(c(O)c1)c3oc2cc(O)cc(O)c2c(=O)c3O 
429,-5.259,ClC1(C(=O)C2(Cl)C3(Cl)C14Cl)C5(Cl)C2(Cl)C3(Cl)C(Cl)(Cl)C45Cl
430,-4.86,CCN(CC)C(=S)SSC(=S)N(CC)CC
432,-7.278,ClC1=C(Cl)C(Cl)(C(=C1Cl)Cl)C2(Cl)C(=C(Cl)C(=C2Cl)Cl)Cl
433,-2.86,CN(C)C=Nc1ccc(Cl)cc1C
434,-5.24,CC34CCc1c(ccc2cc(O)ccc12)C3CCC4=O
436,-1.34,CCSCC
438,-2.51,CCC(C)(C)Cl
439,-1.32,ClCCBr
440,-2.37,Nc1ccc(cc1)N(=O)=O
441,-0.244,OCC1OC(OC2C(O)C(O)C(O)OC2CO)C(O)C(O)C1O
442,-2.86,CCN2c1ncccc1N(CC)C(=O)c3cccnc23 
444,-5.05,CCCCCCCC=C
445,-4.56,Brc1ccc(I)cc1
446,-0.36,CCC(C)(O)CC
448,-1.6,NC(=O)NC1NC(=O)NC1=O 
449,-4.5710000000000015,OCC(O)COC(=O)c1ccccc1Nc2ccnc3cc(Cl)ccc23
450,-7.2,ClC(Cl)C(c1ccc(Cl)cc1)c2ccc(Cl)cc2
451,-5.184,CC(=O)OC3CCC4C2CCC1=CC(=O)CCC1(C)C2CCC34C 
452,-3.93,Clc1cccc2ccccc12
453,-4.749,CCN2c1ccccc1N(C)C(=O)c3ccccc23 
454,-0.89,CCCCC(C)O
456,-4.735,CCOC(=O)c1cncn1C(C)c2ccccc2
457,-1.25,Oc1ccc(Cl)c(Cl)c1
458,-8.017000000000001,CC1(C)C(C=C(Cl)Cl)C1C(=O)OC(C#N)c2cccc(Oc3ccccc3)c2
459,-1.16,c2ccc1ocnc1c2
461,-3.03,CCN(CC)c1ccccc1
462,-2.0,Fc1cccc(F)c1
463,-0.29,ClCCC#N 
464,-4.15,CC(C)(C)Cc1ccccc1
465,-2.322,O=C1NC(=O)NC(=O)C1(CC)c1ccccc1
466,-3.54,Clc1ccccc1I
467,-0.78,c2ccc1[nH]nnc1c2
468,-2.8,CNC(=O)Oc1cccc2CC(C)(C)Oc12
469,-1.29,Cc1cccc(C)c1O
470,-0.18,CC(C)C(C)O
471,-2.55,c1ccccc1C(O)c2ccccc2
472,-4.69,CCCCCCCCCC(=O)OC
473,-4.31,COP(=S)(OC)Oc1ccc(cc1Cl)N(=O)=O
476,-1.95,CN(C)C(=O)Oc1nc(nc(C)c1C)N(C)C
477,-3.81,CCCCCCBr
478,-3.74,CCCC(C)C
479,-7.3210000000000015,Cc1c(F)c(F)c(COC(=O)C2C(C=C(Cl)C(F)(F)F)C2(C)C)c(F)c1F
480,-2.73,CCc1cccc(C)c1N(C(C)COC)C(=O)CCl 
481,-2.19,ON=Cc1ccc(o1)N(=O)=O 
482,-8.003,CC(C)C(Nc1ccc(cc1Cl)C(F)(F)F)C(=O)OC(C#N)c2cccc(Oc3ccccc3)c2
483,0.522,Nc1nc[nH]n1
484,-1.91,BrC(Br)Br
485,-0.22,COP(=O)(OC)C(O)C(Cl)(Cl)Cl
486,-5.233,CCOP(=S)(OCC)SCn1c(=O)oc2cc(Cl)ccc12
488,-2.84,O=c2c(C3CCCc4ccccc43)c(O)c1ccccc1o2 
489,-1.09,Oc1ccc(Br)cc1
490,-1.59,CC(C)Br
491,-4.74,CC(C)CC(C)(C)C
492,-2.89,O=N(=O)c1cc(cc(c1)N(=O)=O)N(=O)=O
493,-3.796,CN2C(=O)CN=C(c1ccccc1)c3cc(ccc23)N(=O)=O
494,-1.94,CCC
495,-1.989,Nc1cc(nc(N)n1=O)N2CCCCC2 
496,-4.22,Nc2cccc3nc1ccccc1cc23 
497,-8.49,c1ccc2cc3c4cccc5cccc(c3cc2c1)c45
498,-5.666,OC(c1ccc(Cl)cc1)(c2ccc(Cl)cc2)C(Cl)(Cl)Cl
499,-4.63,C1Cc2cccc3cccc1c23
500,-6.34,CCOP(=S)(OCC)SC(CCl)N2C(=O)c1ccccc1C2=O
502,-2.82,Cn2c(=O)on(c1ccc(Cl)c(Cl)c1)c2=O
503,-3.48,Oc1ccc(cc1)c2ccccc2
504,-2.56,CC1=C(CCCO1)C(=O)Nc2ccccc2 
506,-1.24,CCC#C
507,-1.11,COc1ncnc2nccnc12 
508,-1.6,CCCCC(C)(O)CC
510,-4.47,O=C1N(COC(=O)C)C(=O)C(N1)(c2ccccc2)c3ccccc3
511,-1.981,CSCS(=O)CC(CO)NC(=O)C=Cc1c(C)[nH]c(=O)[nH]c1=O
512,-2.42,Cc1c[nH]c2ccccc12 
514,-1.57,CNC(=O)Oc1ccccc1C2OCCO2
515,-2.15,C1N(C(=O)NCC(C)C)C(=O)NC1
516,0.26,CC#N
517,-4.7,CCOC(=O)NCCOc2ccc(Oc1ccccc1)cc2
518,-3.59,CC(=O)N(S(=O)c1ccc(N)cc1)c2onc(C)c2C 
519,-2.18,ClCC(Cl)(Cl)Cl
521,-4.11,CC1CCCCC1NC(=O)Nc2ccccc2
523,-0.1,O=Cc1ccco1
525,-1.63,O=Cc2ccc1OCOc1c2 
526,-2.33,CC(=C)C
527,-1.19,O=Cc1ccccc1
528,-2.4,CC(=C)C(=C)C
529,-4.71,CCOC(=O)CCN(SN(C)C(=O)Oc1cccc2CC(C)(C)Oc21)C(C)C
530,-3.672,O2c1ccccc1N(C)C(=O)c3cccnc23 
531,-5.0,C1c2ccccc2c3ccccc13
533,-1.99,NC(=N)NS(=O)(=O)c1ccc(N)cc1 
534,-1.827,COC(=O)c1ccc(O)cc1
536,-3.09,CC3C2CCC1(C)C=CC(=O)C(=C1C2OC3=O)C
537,-0.85,OCC2OC(Oc1ccccc1CO)C(O)C(O)C2O
538,-2.29,CCCI
539,-3.04,CCNc1nc(NC(C)C)nc(SC)n1
540,0.62,CCCO
541,-3.817,CC(=O)C1(O)CCC2C3CCC4=CC(=O)CCC4(C)C3CCC21C
542,-0.29,CCCC(C)O
543,-2.85,OC(C(=O)c1ccccc1)c2ccccc2
544,-1.19,Cc1ccc(O)c(C)c1
545,-2.77,Clc1cccc(c1)N(=O)=O
546,-0.624,Cc2c(N)c(=O)n(c1ccccc1)n2C
547,-6.57,Clc1ccc(c(Cl)c1)c2cc(Cl)ccc2Cl 
548,-4.92,ClC(=C(Cl)C(=C(Cl)Cl)Cl)Cl
549,-4.0,CCNc1nc(NC(C)(C)C)nc(SC)n1
550,-0.71,CCC(C)CCO
551,-0.12,Cc2ncc1nccnc1n2
552,-5.5070000000000014,CC23Cc1cnoc1C=C2CCC4C3CCC5(C)C4CCC5(O)C#C
554,-4.4,Brc1ccc2ccccc2c1
555,-4.081,CC1OC(CC(O)C1O)OC2C(O)CC(OC2C)OC8C(O)CC(OC7CCC3(C)C(CCC4C3CC(O)C5(C)C(CCC45O)C6=CC(=O)OC6)C7)OC8C 
556,-2.51,FC(F)(F)c1ccccc1
557,-6.144,CCCCCCOC(=O)c1ccccc1C(=O)OCCCCCC
558,-4.38,c1ccc2c(c1)sc3ccccc23
559,-7.8,Clc1ccc(c(Cl)c1)c2ccc(Cl)c(Cl)c2Cl 
560,-8.01,Clc1ccc(c(Cl)c1Cl)c2ccc(Cl)c(Cl)c2Cl 
561,-3.893,CC(=O)CC(c1ccccc1)c3c(O)c2ccccc2oc3=O 
562,-1.93,c1ccccc1C(O)C(O)c2ccccc2
563,-1.66,COC(=O)c1ccccc1C(=O)OC
564,-3.39,CCCCCCCC(=O)OCC
565,-2.42,CCSSCC
567,-5.56,Clc1cc(Cl)c(Cl)cc1Cl
568,-2.7,Nc1ccc(cc1)c2ccc(N)cc2
569,-3.73,CCCCCC=C
570,-3.028,CCCCc1c(C)nc(NCC)[nH]c1=O
571,-2.39,O=C1NC(=O)NC(=O)C1(CC)C(C)CCC
572,-1.52,Nc1ccccc1Cl
573,-2.78,COc1cccc(Cl)c1
574,-3.53,CCCCN(CC)C(=O)SCCC
575,-1.37,CCCCOC=O
576,-3.18,CC12CC(O)C3C(CCC4=CC(=O)C=CC34C)C2CCC1(O)C(=O)CO
578,-3.48,CC34CC(=O)C1C(CCC2=CC(=O)CCC12C)C3CCC4(=O) 
579,-7.11,c1ccc(cc1)c2ccc(cc2)c3ccccc3
581,-0.79,CBr
582,-3.8,Cc1cc(ccc1NS(=O)(=O)C(F)(F)F)S(=O)(=O)c2ccccc2
583,-5.839,CC(=O)CC(c1ccc(Cl)cc1)c2c(O)c3ccccc3oc2=O
584,-4.29,CCc1ccc2ccccc2c1
585,-1.4580000000000002,Nc1c(C)c[nH]c(=O)n1 
586,-7.92,Clc2c(Cl)c(Cl)c(c1ccccc1)c(Cl)c2Cl 
587,-4.21,c1c(NC(=O)c2ccccc2(I))cccc1
588,-3.685,Cc3cc2nc1c(=O)[nH]c(=O)nc1n(CC(O)C(O)C(O)CO)c2cc3C
589,-2.7,Fc1ccccc1Br
590,-1.55,Oc1ccc(Cl)cc1Cl
591,-6.291,CC1(C)C(C=C(Cl)Cl)C1C(=O)OCc2cccc(Oc3ccccc3)c2
592,-4.16,CN2C(=C(O)c1ccccc1S2(=O)=O)C(=O)Nc3ccccn3 
593,-4.907,O=C1N(COC(=O)CC)C(=O)C(N1)(c2ccccc2)c3ccccc3
595,-2.21,Cc1ccccc1N
596,-2.92,c1(OC)ccc(CC=C)cc1
597,-2.93,CN(C)C(=O)Nc1cccc(OC(=O)NC(C)(C)C)c1 
598,-2.73,CC(C)C=C
599,1.02,Oc1ccccn1
600,-1.36,CC
601,-3.05,Clc1ccccc1Cl
602,-3.18,Sc2nc1ccccc1s2 
603,-11.6,Clc1c(Cl)c(Cl)c(c(Cl)c1Cl)c2c(Cl)c(Cl)c(Cl)c(Cl)c2Cl 
604,-3.664,COc2c1occc1cc3ccc(=O)oc23 
605,1.58,CC(=O)N
606,-3.7,Cc1cccc2ccccc12
607,-3.57,CCN(CC)C(=O)C(C)Oc1cccc2ccccc12 
608,-0.62,CC(O)C(C)(C)C
609,-1.36,CCCC(=O)OCC
610,-3.03,CC2=CC(=O)c1ccccc1C2=O 
611,-5.26,c1ccc2c(c1)ccc3ccccc32
612,0.38,Cc1ccnc(C)c1
614,-1.17,BrCBr
615,-3.59,CC1CC2C3CCC4=CC(=O)C=CC4(C)C3(F)C(O)CC2(C)C1(O)C(=O)CO
616,-4.89,Cc1ccc2cc(C)ccc2c1
617,-3.68,CCSC(=O)N(CC(C)C)CC(C)C
618,-2.22,O=N(=O)OCC(CON(=O)=O)ON(=O)=O 
619,-2.19,Nc1cccc(c1)N(=O)=O
620,-2.03,CCCCCl
621,-4.19,ClC(Cl)(Cl)C(NC=O)N1C=CN(C=C1)C(NC=O)C(Cl)(Cl)Cl 
622,-4.445,Cn2cc(c1ccccc1)c(=O)c(c2)c3cccc(c3)C(F)(F)F
623,-6.2,Nc3cc2c1ccccc1ccc2c4ccccc34 
624,-3.955,CC12CCC3C(CCc4cc(O)ccc34)C2CCC1=O
625,-4.706,CCN2c1ccccc1N(C)C(=S)c3cccnc23 
627,-3.796,O=C3CN=C(c1ccccc1)c2cc(ccc2N3)N(=O)=O
628,-1.46,CCNC(=S)NCC
629,-2.67,Oc1cc(Cl)cc(Cl)c1Cl
630,-1.34,CCCCC(=O)OC
632,-4.6789999999999985,Cc1cccc2c(C)cccc12
633,-2.63,NS(=O)(=O)c2cc1c(NCNS1(=O)=O)cc2Cl 
634,-3.96,C1=Cc2cccc3cccc1c23
635,-1.28,CCCCCOC(=O)CC
636,-2.084,CCNc1nc(NC(C)C)nc(OC)n1
637,-8.699,c1ccc2c(c1)cc3ccc4cccc5ccc2c3c45
639,-1.99,CCC#CCC
640,-5.292999999999998,CC1OC(CC(O)C1O)OC2C(O)CC(OC2C)OC8C(O)CC(OC7CCC3(C)C(CCC4C3CCC5(C)C(CCC45O)C6=CC(=O)OC6)C7)OC8C 
641,-2.73,CCC(=C)C
642,-2.42,Oc1cccc2cccnc12 
643,-4.37,C1CCc2ccccc2C1
644,-2.9,Oc1ccc(cc1)C2(OC(=O)c3ccccc23)c4ccc(O)cc4 
645,-5.6,Brc1cc(Br)cc(Br)c1
646,-5.72,COP(=S)(OC)Oc1cc(Cl)c(Cl)cc1Cl
647,-2.436,Cc1cc(=O)[nH]c(=S)[nH]1
648,-1.56,COc1cc(CC=C)ccc1O
649,-1.7080000000000002,O=C1NC(=O)NC(=O)C1(C(C)C)CC=C
650,-6.176,c1cc2ccc3cccc4ccc(c1)c2c34
651,-0.43,CCOC(C)OCC
652,-2.338,CC1(C)CON(Cc2ccccc2Cl)C1=O
654,-5.82,Clc1c(Cl)c(Cl)c(N(=O)=O)c(Cl)c1Cl
655,-4.402,CC12CCC(O)CC1CCC3C2CCC4(C)C3CCC4=O
656,-4.047,FC(F)(F)c1cccc(c1)N2CC(CCl)C(Cl)C2=O
657,-1.3,c1ccc2ncccc2c1
658,-1.24,COC(=O)c1cc(O)c(O)c(O)c1 
659,-1.8,OC(Cn1cncn1)(Cn2cncn2)c3ccc(F)cc3F 
660,-2.8310000000000004,Clc2ccc1oc(=O)[nH]c1c2
661,-7.92,Clc1ccc(c(Cl)c1)c2c(Cl)c(Cl)c(Cl)c(Cl)c2Cl
662,-1.25,O=C1NC(=O)C(=O)C(=O)N1 
664,-2.67,Fc1cccc(Br)c1
665,-3.63,Clc1ccc(Br)cc1
666,-3.65,CC(C)C(C)C
667,-1.94,CCC=C
668,-7.68,Clc1ccc(Cl)c(c1)c2cc(Cl)c(Cl)c(Cl)c2Cl
669,-1.155,Nc1cc[nH]c(=O)n1 
670,-3.04,FC(F)(Cl)C(F)(Cl)Cl
671,0.28,CCC#N
672,-6.51,ClC(Cl)C(c1ccc(Cl)cc1)c2ccccc2Cl 
673,-1.96,COc1ccccc1N(=O)=O
674,-4.12,CC34CCC1C(CC=C2CC(O)CCC12C)C3CCC4=O
675,-4.8,CC12CC2(C)C(=O)N(C1=O)c3cc(Cl)cc(Cl)c3
676,-9.018,c1cc2ccc3ccc4ccc5cccc6c(c1)c2c3c4c56
677,-3.38,CCC(C)c1cc(cc(N(=O)=O)c1O)N(=O)=O 
678,-1.899,c1c(OC)c(OC)C2C(=O)OCC2c1
679,1.12,OCC(O)CO
680,-1.96,COc1ccccc1O 
681,-5.67,CCOP(=S)(OCC)Oc1nc(Cl)c(Cl)cc1Cl 
682,-5.89,Cc1c2ccccc2cc3ccccc13
683,0.715,Cc1cc(=O)n(c2ccccc2)n1C
685,-0.8540000000000001,Cc2cnc1cncnc1n2
686,-4.55,CCNc1nc(Cl)nc(NCC)n1 
687,1.11,CN(C)C(=O)C
688,-2.676,CSc1nc(nc(n1)N(C)C)N(C)C
689,-0.4,C=C
690,-0.5,CC(C)(C)CCO
691,-1.614,O=C1NC(=O)NC(=O)C1(CC)CC=C
692,-2.67,Oc1ccc(Cl)c(Cl)c1Cl
694,-4.53,c1ccc(Cl)cc1C(c2ccc(Cl)cc2)(O)C(=O)OC(C)C
695,-3.85,CC13CCC(=O)C=C1CCC4C2CCC(C(=O)CO)C2(CC(O)C34)C=O 
696,-4.16,COc2ccc(Oc1ccc(NC(=O)N(C)C)cc1)cc2
698,-2.24,CC(C)SC(C)C
699,-2.29,O=N(=O)c1cccc(c1)N(=O)=O
700,-5.54,CCOP(=S)(OCC)SCSP(=S)(OCC)OCC
701,-2.21,CCC1(C(C)C)C(=O)NC(=O)NC1=O 
702,-4.21,CC(=O)OCC(=O)C3(O)CCC4C2CCC1=CC(=O)CCC1(C)C2C(=O)CC34C 
703,-1.22,Cc1ncc(N(=O)=O)n1CCO
704,-1.66,Nc1ccc(Cl)cc1
705,-1.52,CCCC(C)(C)CO
706,-0.82,c1ccoc1
707,-2.928,COCCCNc1nc(NC(C)C)nc(SC)n1
708,-3.1710000000000003,CN(C)C(=O)NC1CC2CC1C3CCCC23
709,-3.66,CC(C)(C)c1ccccc1
710,-3.27,CC(=O)CCC1C(=O)N(N(C1=O)c2ccccc2)c3ccccc3
711,-4.37,CC(=O)OCC(=O)C3(O)CCC4C2CCC1=CC(=O)C=CC1(C)C2C(O)CC34C 
712,-0.39,CCCOC
713,-0.55,CC(C)OC(=O)C
715,-2.35,CCOC(=O)c1ccc(O)cc1
716,-5.0710000000000015,O=C1N(COC(=O)CCC)C(=O)C(N1)(c2ccccc2)c3ccccc3
717,-5.37,CCC(=O)OC3CCC4C2CCC1=CC(=O)CCC1(C)C2CCC34C 
718,-9.332,c1cc2ccc3ccc4ccc5ccc6ccc1c7c2c3c4c5c67
719,-2.266,O=c1[nH]cnc2[nH]ncc12 
720,-1.75,ClC=C
721,-2.98,CN(C)C(=O)C(c1ccccc1)c2ccccc2 
723,-4.871,CCN2c1cc(N(C)C)cc(C)c1NC(=O)c3cccnc23 
724,-2.61,O=C1NC(=O)c2ccccc12 
725,-4.38,OC(c1ccc(Cl)cc1)(c2cncnc2)c3ccccc3Cl
726,-1.85,COC(=O)c1ccccc1
727,-0.807,Cn1ccc(=O)[nH]c1=O
728,-3.73,CCCCC1C(=O)N(N(C1=O)c2ccc(O)cc2)c3ccccc3 
729,-6.47,Clc1ccc(Cl)c(c1)c2cccc(Cl)c2Cl 
730,-3.29,CCC2NC(=O)c1cc(c(Cl)cc1N2)S(N)(=O)=O
731,-3.8,CN(C)C(=O)Nc1ccc(Cl)c(Cl)c1
732,-2.1,C1CC=CC1
733,-1.99,C1(=O)NC(=O)NC(=O)C1(O)C2(O)C(=O)NC(=O)NC2(=O)
734,-5.88,CCCCCCCCC
736,-6.59,c1cccc2c3c(C)cc4ccccc4c3ccc12
738,-3.0,CCOC(=O)C=Cc1ccccc1
739,-2.484,Cc1[nH]c(=O)n(c(=O)c1Cl)C(C)(C)C
740,-3.499,Clc1ccccc1C2=NCC(=O)Nc3ccc(cc23)N(=O)=O
741,-1.74,Cc1ccc(cc1)S(=O)(=O)N
742,-2.617,CC(OC(=O)Nc1cccc(Cl)c1)C#C
743,-5.08,CCCCCC(C)C
744,-8.176,CC1(C)C(C=C(Cl)C(F)(F)F)C1C(=O)OC(C#N)c2cccc(Oc3ccccc3)c2
745,-3.5380000000000003,CCCC1C(=O)N3N(C1=O)c2cc(C)ccc2N=C3N(C)C 
746,-3.754,CN2C(=O)CN=C(c1ccccc1)c3cc(Cl)ccc23
747,-0.7,CCC(O)C(C)C
748,-2.3,CCOP(=S)(OCC)Oc1ccc(cc1)S(C)=O 
750,-4.02,CC12CCC3C(CCC4=CC(=O)CCC34C)C2CCC1O
752,-2.22,Oc1cccc2ccccc12
753,-4.3,C/C1CCCCC1\C
754,-3.638,COc2cc1c(N)nc(nc1c(OC)c2OC)N3CCN(CC3)C(=O)OCC(C)(C)O 
755,-7.85,C1Cc2c3c1cccc3cc4c2ccc5ccccc54
756,-5.27,CC(=O)C3(C)CCC4C2C=C(C)C1=CC(=O)CCC1(C)C2CCC34C
757,-1.45,CCCCCC(=O)C
758,0.54,COP(=O)(NC(C)=O)SC 
759,-5.14,CCCCSP(=O)(SCCCC)SCCCC
760,-2.932,c1cC2C(=O)NC(=O)C2cc1
761,-2.68,NS(=O)(=O)c2cc1c(NC(NS1(=O)=O)C(Cl)Cl)cc2Cl 
762,-2.56,CC=C(C)C
763,-3.31,Cc1ccc(C)c(C)c1
764,-2.21,Oc1cc(Cl)c(Cl)cc1Cl
765,-2.78,c1ccc2c(c1)cnc3ccccc23 
766,-0.98,CCCC(C)(O)CC
768,-6.35,c1ccc2cc3ccccc3cc2c1
772,-2.077,O=C1NC(=O)NC(=O)C1(CC=C)CC=C
773,-1.17,ClC(Cl)Cl
774,-2.273,Sc1nccc(=O)[nH]1 
775,-5.915,Clc1ccc(CN(C2CCCC2)C(=O)Nc3ccccc3)cc1
777,-2.13,CCCCC(CC)C=O
778,-3.0210000000000004,COc2c1occc1c(OC)c3c(=O)cc(C)oc23 
779,-2.658,O=C1NC(=O)NC(=O)C1(CC)CCC(C)C
780,-8.0,c1ccc2c3c(ccc2c1)c4cccc5cccc3c45
781,-1.52,CCC(CC)C=O
784,-2.64,Oc1c(Cl)ccc(Cl)c1Cl
785,0.96,NC(=O)N
786,-1.64,CCCC#C
787,-3.54,Brc1cccc(Br)c1
788,-8.4,CCCCCCCCCCCCCCCCCCO
789,-1.33,CC(=O)Nc1ccccc1
790,-2.7,c1cc(O)c(O)c2OCC3(O)CC4=CC(=O)C(O)=CC4=C3c21
791,0.009000000000000001,c1nccc(C(=O)NN)c1
792,-5.46,OC1C=CC2C1C3(Cl)C(=C(Cl)C2(Cl)C3(Cl)Cl)Cl 
793,-1.52,CC(C)CCOC=O
794,-1.28,CC(=O)c1ccccc1
795,-5.4,c2ccc1nc(ccc1c2)c4ccc3ccccc3n4 
796,0.43,CCOP(=O)(OCC)OCC
797,-1.85,CC2(C)C1CCC(C)(C1)C2=O
798,-0.91,COc2cnc1cncnc1n2
799,-5.64,ClC2=C(Cl)C3(Cl)C1C=CCC1C2(Cl)C3(Cl)Cl 
801,-5.27,c1ccc2c(c1)[nH]c3ccccc32
802,0.7,OCC(O)C(O)CO
803,-2.452,CCCOC(=O)c1ccc(N)cc1
804,0.6509999999999999,CNC(=O)C=C(C)OP(=O)(OC)OC
805,0.3,O=C1CCC(=O)N1
806,-4.28,CCC(C)C(C)C
807,-4.16,CCCCc1c(C)nc(NCC)nc1OS(=O)(=O)N(C)C 
808,-4.634,CCN2c1ncccc1N(C)C(=S)c3cccnc23 
809,-3.68,O2c1ccccc1N(CC)C(=O)c3ccccc23 
811,-3.01,CCCCCC#C
812,-4.314,c1cc2ccc(OC)c(CC=C(C)(C))c2oc1=O 
813,-7.92,c1cc(C)cc2c1c3cc4cccc5CCc(c45)c3cc2
814,-2.32,CCOC(=O)c1ccccc1
815,-2.0,ClCC(C)C
816,-4.3,CC34CCC1C(CCc2cc(O)ccc12)C3CCC4(O)C#C 
817,-4.69,CCCCCCCCCCCC(=O)OC
818,-2.58,CCCSCCC
819,-8.6,c1ccc2cc3cc4ccccc4cc3cc2c1
820,-3.08,CCCCCBr
821,-3.82,CCCC/C=C/C
822,-1.26,Cc1ncc(N(=O)=O)n1CCO 
823,-6.08,CCCCCC1CCCC1
824,-7.42,Clc1ccc(Cl)c(c1)c2c(Cl)c(Cl)cc(Cl)c2Cl 
825,-2.148,O=C1NC(=O)NC(=O)C1(CC)C(C)C
827,-2.57,CON(C)C(=O)Nc1ccc(Cl)cc1
828,-3.06,O=C2NC(=O)C1(CCCCC1)C(=O)N2
829,-0.85,CN(C)C(=O)OC1=CC(=O)CC(C)(C)C1 
830,-3.19,Cc1ccc(Br)cc1
832,-4.376,CC(C)NC(=O)N1CC(=O)N(C1=O)c2cc(Cl)cc(Cl)c2
833,-5.53,CCCCN(CC)c1c(cc(cc1N(=O)=O)C(F)(F)F)N(=O)=O
834,-2.05,Cc1cc(C)c(O)c(C)c1
836,-4.03,Clc1ccc(I)cc1
837,-2.564,COc1ccc(NC(=O)N(C)C)cc1Cl
838,-2.48,CC(C)N(C(=O)CCl)c1ccccc1 
841,-2.8,Cc1ccccc1C
842,0.47,CCC(C)O
844,-4.955,CC34CCC1C(CCc2cc(O)ccc12)C3CC(O)C4O 
845,-8.04,C1c2ccccc2c3cc4ccccc4cc13
846,-0.4,O=C1CNC(=O)N1 
847,-2.59,c1(O)cc(O)ccc1CCCCCC
848,-0.83,C=CCS(=O)SCC=C
849,-5.3820000000000014,CCOP(=S)(OCC)Oc2ccc1oc(=O)c(Cl)c(C)c1c2
850,-7.01,Cc1c(C)c2c3ccccc3ccc2c4ccccc14
851,-4.71,CCCCC(=O)OC3(C(C)CC4C2CCC1=CC(=O)C=CC1(C)C2(F)C(O)CC34C)C(=O)CO
852,-3.93,O=c2[nH]c(=O)c1[nH]c(=O)[nH]c1[nH]2 
853,-3.1,Oc1c(Cl)cc(Cl)c(Cl)c1Cl
854,-3.04,Clc1cccc(Cl)c1
855,-7.15,Clc1ccc(cc1)C(c2ccc(Cl)cc2)C(Cl)(Cl)Cl
856,-1.01,CC(C)COC=O
857,-2.39,c1ccccc1SC
858,-4.207,CCN2c1nc(C)cc(C(F)(F)F)c1NC(=O)c3cccnc23 
860,-0.46,COC(=O)c1cccnc1 
861,-3.59,NS(=O)(=O)c3cc2c(NC(Cc1ccccc1)NS2(=O)=O)cc3C(F)(F)F
862,-7.82,Clc1ccc(cc1Cl)c2cc(Cl)c(Cl)c(Cl)c2Cl 
863,-4.925,CC1(OC(=O)N(C1=O)c2cc(Cl)cc(Cl)c2)C=C
864,-3.15,CCNc1nc(Cl)nc(NC(C)(C)C#N)n1
865,-6.726,c1ccc2c(c1)c3ccccc3c4ccccc24
866,-4.95,CC=C(C(=CC)c1ccc(O)cc1)c2ccc(O)cc2
867,-6.96,CCCCC(CC)COC(=O)c1ccccc1C(=O)OCC(CC)CCCC
868,0.51,CCc1ccccn1
869,-2.28,COP(=O)(OC)OC(Br)C(Cl)(Cl)Br
870,-4.345,c1ccc(cc1)c2ccccc2
871,-8.71,Clc1cc(Cl)c(c(Cl)c1)c2c(Cl)cc(Cl)cc2Cl 
872,-3.364,CN(C)c1nc(nc(n1)N(C)C)N(C)C
873,-0.92,CC(C)CC(C)(C)O
874,-3.168,O=C2NC(=O)C1(CCCCCC1)C(=O)N2 
875,0.64,OCC1OC(O)(CO)C(O)C1O
877,-4.37,ClCC#CCOC(=O)Nc1cccc(Cl)c1
878,-2.843,CC(=O)Nc1ccc(Cl)cc1
879,-8.94,Clc1ccc(Cl)c(c1)c2c(Cl)c(Cl)c(Cl)c(Cl)c2Cl
880,-3.55,CCC(C)(C)C
883,-4.88,CC(=O)OCC(=O)C1(O)CCC2C3CCC4=CC(=O)CCC4(C)C3C(O)CC21C
884,-1.456,Cc1cc(cc(N(=O)=O)c1O)N(=O)=O
885,-3.604,OC3N=C(c1ccccc1Cl)c2cc(Cl)ccc2NC3=O
887,-3.21,Clc1cccc(Br)c1
888,-3.05,NS(=O)(=O)c2cc1c(N=CNS1(=O)=O)cc2Cl 
889,-1.228,O=C1NC(=O)NC(=O)C1(C)CC
891,-4.08,C(c1ccccc1)c2ccccc2
892,-1.98,CCCCCC(O)CC
893,-6.78,CCN(Cc1c(F)cccc1Cl)c2c(cc(cc2N(=O)=O)C(F)(F)F)N(=O)=O
894,-4.43,CC(C)Nc1nc(Cl)nc(NC(C)C)n1
895,-1.11,CCCC(C)CO
896,-1.08,CCCCC(C)(C)O
898,-2.253,O=C1NC(=O)NC(=O)C1(CC)CC=C(C)C
899,-6.317,ClC1C=CC2C1C3(Cl)C(=C(Cl)C2(Cl)C3(Cl)Cl)Cl
900,-2.647,CCC(C)C1(CC(Br)=C)C(=O)NC(=O)NC1=O 
901,-6.025,CC1(C)C(C(=O)OC(C#N)c2cccc(Oc3ccccc3)c2)C1(C)C
902,-5.19,COC(C)(C)CCCC(C)CC=CC(C)=CC(=O)OC(C)C
903,-0.66,CCOC(=O)CC
904,-4.1,CSc1nc(NC(C)C)nc(NC(C)C)n1
905,-3.9,CC(C#C)N(C)C(=O)Nc1ccc(Cl)cc1
906,-4.72,Cc1cc2ccccc2cc1C
907,-6.25,Clc1ccc(cc1)c2cc(Cl)ccc2Cl 
908,-7.39,Clc1ccc(c(Cl)c1)c2cc(Cl)c(Cl)c(Cl)c2Cl 
909,-0.31,NC(N)=NC#N 
910,-2.0,ClC(Cl)(Cl)N(=O)=O
911,-5.21,Clc1cccc(Cl)c1c2ccccc2 
912,-1.49,COc1ccc(C=O)cc1
913,-2.692,CC(=O)Nc1ccc(cc1)N(=O)=O
914,-2.74,CCCCCCC(=O)OCC
915,-1.03,CC(=O)Nc1ccc(O)cc1
916,-2.16,c2ccc1[nH]ncc1c2 
917,-4.31,CC5(C)OC4CC3C2CCC1=CC(=O)C=CC1(C)C2(F)C(O)CC3(C)C4(O5)C(=O)CO 
918,-3.583,Nc2nc1[nH]cnc1c(=O)[nH]2 
919,0.46,COC(=O)C
920,-4.743,CC34CCC1C(CCC2CC(=O)CCC12C)C3CCC4O 
921,-0.59,CCCC(O)C=C
922,-3.931,OC(C1=CC2C5C(C1C2=C(c3ccccc3)c4ccccn4)C(=O)NC5=O)(c6ccccc6)c7ccccn7 
925,-3.36,CCN2c1nc(N(C)(CCO))ccc1NC(=O)c3cccnc23 
926,-0.49,CCCC(C)(C)O
927,-0.972,Nc1nc(=O)[nH]cc1F
928,-3.84,CCCCOc1ccc(C(=O)OCC)c(c1)N(CC)CC 
929,-1.72,CCCCCC(C)(C)O
930,-5.23,Cc1c(C)c(C)c(C)c(C)c1C
931,-2.22,CC(C)c1ccc(C)cc1O
932,0.02,c2cnc1ncncc1n2
933,-4.66,CCOP(=S)(OCC)Oc1ccc(cc1)N(=O)=O
934,-0.9,C
935,-1.04,c2ccc1NCCc1c2 
936,-3.54,O=N(=O)c1cccc2ccccc12
937,-0.67,CCC(C)C(=O)C
938,-3.401,Nc1nc(O)nc2nc[nH]c12 
939,-4.445,OC(CC(c1ccccc1)c3c(O)c2ccccc2oc3=O)c4ccc(cc4)c5ccc(Br)cc5 
940,0.26,CN(=O)=O
941,-4.88,CC(C)N(C(C)C)C(=O)SCC(Cl)=C(Cl)Cl
943,-1.52,c2ccc1[nH]ccc1c2
944,-3.69,CC34CCC1C(CCC2=CC(=O)CCC12C)C3CCC4=O
945,-3.23,CCCCC=C
946,-3.79,Cc1cccc(C)c1NC(=O)c2cc(c(Cl)cc2O)S(N)(=O)=O
948,-2.58,CCCCCCCC(=O)C
950,-3.38,CC(C)OC(=O)Nc1cccc(Cl)c1
951,-4.114,CCN2c1nc(Cl)ccc1N(C)C(=O)c3cccnc23 
952,-3.224,CNC(=O)Oc1cccc2ccccc12
953,0.29,C#C
954,0.38,Cc1cncc(C)c1
955,-2.06,C1C=CCC=C1
956,-2.518,CCOC(=O)N(C)C(=O)CSP(=S)(OCC)OCC
957,-0.92,CC(O)c1ccccc1
959,-2.46,CCCC=C(CC)C=O
960,-4.23,CCOP(=S)(OCC)SCCSCC
961,-5.284,CC(=O)OC3(C)CCC4C2CCC1=CC(=O)CCC1(C)C2CCC34C 
962,-6.14,Clc1ccc(cc1)c2c(Cl)cccc2Cl 
963,-6.02,Fc1cccc(F)c1C(=O)NC(=O)Nc2ccc(Cl)cc2
964,-4.46,Oc1cc(Cl)ccc1Oc2ccc(Cl)cc2Cl
965,-6.6370000000000005,c1(C(=O)OCCCCCC(C)(C))c(C(=O)OCCCCCC(C)(C))cccc1
966,-3.24,CC12CC(O)C3C(CCC4=CC(=O)CCC34C)C2CCC1C(=O)CO
968,-5.115,CCCCCCCCOC(=O)c1ccccc1C(=O)OCCCCCCCC 
969,-6.35,CCCCCCCCCCCCCCCO
970,-7.39,Clc1cccc(Cl)c1c2c(Cl)cccc2Cl 
971,-1.742,O=C1NC(=O)NC(=O)C1(C)C
972,-2.09,CC(C)I
973,-3.1,O=N(=O)c1ccccc1N(=O)=O
974,-0.12,CC(C)C(=O)C
975,-8.4,CCCCCCCCCCCCCCCC
976,-1.74,CC12CCC(CC1)C(C)(C)O2
977,-2.07,Cc2cccc3sc1nncn1c23 
978,-2.05,CCCCCCC(=O)C
979,-3.38,CCCCCCCCC(=O)OC
981,-2.676,O=C1N(C2CCC(=O)NC2=O)C(=O)c3ccccc13
982,-5.68,CCCN(CCC)c1c(cc(cc1N(=O)=O)C(F)(F)F)N(=O)=O
983,1.1,CCO
984,-2.349,O=C2NC(=O)C1(CCCC1)C(=O)N2
985,-1.83,c1c(NC(=O)OC(C)C(=O)NCC)cccc1
986,-5.24,CC(C)=CC3C(C(=O)OCc2cccc(Oc1ccccc1)c2)C3(C)C 
987,-2.218,CN(C)C(=O)NC1CCCCCCC1
988,-6.8,ClC1(C2(Cl)C3(Cl)C4(Cl)C5(Cl)C1(Cl)C3(Cl)Cl)C5(Cl)C(Cl)(Cl)C24Cl
990,-4.883,CCCCNC(=O)n1c(NC(=O)OC)nc2ccccc12
991,-0.364,CN(C)c2c(C)n(C)n(c1ccccc1)c2=O 
993,-2.49,Cc1ccc(cc1)N(=O)=O
995,-4.57,CC34CCC1C(CCC2=CC(=O)CCC12O)C3CCC4(O)C#C
996,-4.93,CC(C)OC(=O)C(O)(c1ccc(Br)cc1)c2ccc(Br)cc2 
997,-2.878,Nc2cnn(c1ccccc1)c(=O)c2Cl
998,0.15,CCC(C)(C)O
999,-0.73,Cc1ccc(O)cc1
1000,0.15,CCOC=O
1002,-5.19,C1CCC2CCCCC2C1
1004,-7.8,c1ccc2c(c1)c3cccc4ccc5cccc2c5c43
1005,-2.54,ClC(=C(Cl)Cl)Cl
1006,-0.28,CCC(=O)CC
1008,-5.613,CC1CC2C3CC(F)C4=CC(=O)C=CC4(C)C3(F)C(O)CC2(C)C1(O)C(=O)CO
1009,-0.8,CCCCC(=O)C
1010,-3.239,CCNc1nc(NC(C)(C)C)nc(OC)n1
1011,-5.16,CCCCC(C)CC
1013,-2.863,CNC(=O)Oc1ccccc1C(C)C
1014,-3.22,O=C1NCCN1c2ncc(s2)N(=O)=O
1015,-6.68,C1c2ccccc2c3ccc4ccccc4c13
1016,-2.46,COc1ccccc1Cl
1017,-6.09,COP(=S)(OC)Oc1cc(Cl)c(Br)cc1Cl
1018,-5.03,ClC(Cl)CC(=O)NC2=C(Cl)C(=O)c1ccccc1C2=O
1019,-7.2,ClC(Cl)C(c1ccc(Cl)cc1)c2ccc(Cl)cc2 
1020,-0.22,COC(=O)C=C
1021,-4.89,CN(C)C(=O)Nc2ccc(Oc1ccc(Cl)cc1)cc2
1022,-4.45,N(=Nc1ccccc1)c2ccccc2
1023,-3.77,CC(C)c1ccc(C)cc1
1024,-1.79,Oc1c(Cl)cccc1Cl
1025,0.79,OCC2OC(OC1(CO)OC(CO)C(O)C1O)C(O)C(O)C2O 
1027,-0.17,Cn2c(=O)n(C)c1ncn(CC(O)CO)c1c2=O
1028,-2.111,OCC(NC(=O)C(Cl)Cl)C(O)c1ccc(cc1)N(=O)=O
1030,-5.41,CC45CCC2C(CCC3CC1SC1CC23C)C4CCC5O
1031,-3.5,Brc1ccccc1Br
1032,-2.34,Oc1c(Cl)cc(Cl)cc1Cl
1033,-5.16,CCCN(CCC)c1c(cc(cc1N(=O)=O)S(N)(=O)=O)N(=O)=O
1034,-4.799,C2c1ccccc1N(CCF)C(=O)c3ccccc23 
1035,-1.3,CC(C)C(=O)C(C)C
1036,-2.593,O=C1NC(=O)NC(=O)C1(C(C)C)CC=C(C)C
1037,-2.943,c1c(O)C2C(=O)C3cc(O)ccC3OC2cc1(OC)
1038,-0.8759999999999999,Cn1cnc2n(C)c(=O)n(C)c(=O)c12
1039,-4.173,CC(=O)SC4CC1=CC(=O)CCC1(C)C5CCC2(C)C(CCC23CCC(=O)O3)C45
1040,-1.38,Cc1ccc(O)cc1C
1041,-3.96,O(c1ccccc1)c2ccccc2
1042,-8.56,Clc1cc(Cl)c(cc1Cl)c2cc(Cl)c(Cl)cc2Cl 
1043,0.61,NC(=O)c1cccnc1 
1045,-2.5810000000000004,CNC(=O)Oc1cc(C)cc(C)c1
1046,-6.86,ClC1CC2C(C1Cl)C3(Cl)C(=C(Cl)C2(Cl)C3(Cl)Cl)Cl
1047,-1.44,CSSC
1048,-0.96,NC(=O)c1ccccc1
1049,-3.19,Clc1ccccc1Br
1050,-0.742,COC(=O)c1ccccc1OC2OC(COC3OCC(O)C(O)C3O)C(O)C(O)C2O
1051,-1.47,CCCCC(O)CC
1052,-4.5539999999999985,CCN2c1nc(C)cc(C)c1NC(=O)c3cccnc23 
1053,-1.34,Oc1cc(Cl)cc(Cl)c1
1054,-5.85,Cc1cccc2c1ccc3ccccc32
1055,-2.11,CCCCC(CC)CO
1056,-4.2860000000000005,CC(C)N(C(C)C)C(=O)SCC(=CCl)Cl
1058,-3.76,Clc1cccc(n1)C(Cl)(Cl)Cl
1059,-3.18,C1CCC=CCC1
1060,-3.9,CN(C)C(=S)SSC(=S)N(C)C 
1061,-3.2460000000000004,COC1=CC(=O)CC(C)C13Oc2c(Cl)c(OC)cc(OC)c2C3=O
1063,-4.23,CCC(C)(C)CC
1064,1.144,CNC(=O)C(C)SCCSP(=O)(OC)(OC)
1065,-3.15,Oc1cc(Cl)c(Cl)c(Cl)c1Cl
1067,-4.9,CC4CC3C2CCC1=CC(=O)C=CC1(C)C2(F)C(O)CC3(C)C4(O)C(=O)COC(C)=O 
1068,-2.57,CCCC
1069,-1.96,COc1ccccc1O
1070,-4.099,CC1CC2C3CCC(O)(C(=O)C)C3(C)CC(O)C2(F)C4(C)C=CC(=O)C=C14
1071,-2.6,ClC(Cl)C(Cl)(Cl)Cl
1072,-2.35,CCOC(=O)c1ccccc1C(=O)OCC
1075,-2.34,ICI
1077,-1.89,CCCCCOC(=O)C
1078,-3.37,Oc1c(Cl)c(Cl)cc(Cl)c1Cl
1080,-2.74,FC(F)(Cl)C(F)(F)Cl
1082,0.94,CN(C)C(=O)N(C)C 
1083,-4.59,Cc1cc(C)c(C)cc1C
1085,-3.35,CCOP(=S)(OCC)N2C(=O)c1ccccc1C2=O
1086,-3.59,c1ccccc1NC(=O)c2c(O)cccc2
1087,-3.39,CCN(CC)C(=S)SCC(Cl)=C
1088,-1.06,ClCC
1089,-3.24,CC(=O)Nc1cc(NS(=O)(=O)C(F)(F)F)c(C)cc1C
1090,-3.46,O=C(C=CC=Cc2ccc1OCOc1c2)N3CCCCC3
1091,-2.54,CC/C=C\C
1092,-1.62,CNC(=O)ON=C(CSC)C(C)(C)C 
1093,-2.982,O=C2NC(=O)C1(CCCCCCC1)C(=O)N2
1094,-4.24,c1(C(C)(C)C)cc(C(C)(C)C)cc(OC(=O)NC)c1
1095,-3.62,Oc2cc(O)c1C(=O)CC(Oc1c2)c3ccc(O)c(O)c3
1096,-3.12,O=C(c1ccccc1)c2ccccc2
1097,-8.172,CCCCCCCCCCCCCCCCCCCC
1098,-2.92,N(Nc1ccccc1)c2ccccc2 
1099,-1.17,CCC(CC)CO
1101,-1.3,Cl\C=C/Cl
1103,-0.8,CC(C)CC(C)O
1104,-3.928,O2c1ccc(N)cc1N(C)C(=O)c3cc(C)ccc23 
1106,-3.61,CC(C)(C)C(=O)C(Oc1ccc(Cl)cc1)n2cncn2
1107,-2.461,Cc1cc(no1)C(=O)NNCc2ccccc2
1108,-1.08,CC=C
1109,-3.953,Oc1ccc(Cl)cc1Cc2cc(Cl)ccc2O
1110,-4.632,CCOC(=O)Nc2cccc(OC(=O)Nc1ccccc1)c2 
1111,-5.19,O=C1c2ccccc2C(=O)c3ccccc13
1112,-2.09,CCCCCCC(C)O
1113,-2.281,CC1=C(C(=O)Nc2ccccc2)S(=O)(=O)CCO1
1115,-0.4,O=C1NC(=O)C(=O)N1 
1116,-6.237,COP(=S)(OC)Oc1ccc(Sc2ccc(OP(=S)(OC)OC)cc2)cc1
1117,-3.451,NS(=O)(=O)c1cc(ccc1Cl)C2(O)NC(=O)c3ccccc23
1118,-1.21,CC(C)COC(=O)C
1119,-4.36,CC(C)C(C)(C)C
1120,-7.66,Clc1ccc(c(Cl)c1Cl)c2c(Cl)cc(Cl)c(Cl)c2Cl 
1122,-2.44,Cc1cccc(c1)N(=O)=O
1123,-1.71,FC(F)(F)C(Cl)Br 
1124,0.106,CNC(=O)ON=C(SC)C(=O)N(C)C
1125,-3.091,CCSCCSP(=S)(OC)OC
1126,-3.18,CCC(C)C
1127,-4.522,COP(=O)(OC)OC(=CCl)c1cc(Cl)c(Cl)cc1Cl
